forecast_date,actual,rolling_252,rolling_504,rolling_756,rolling_1008,expanding
2019-02-08,0.0077002984166793641,0.0061147232426479242,0.0059900890971385061,0.0059261476391739148,0.0060551204176254271,0.0060551204176254271
2019-02-11,0.0077350513958928096,0.0067224814700107324,0.006411035585617072,0.0062495117928438731,0.0064001933209024394,0.0064001933209024394
2019-02-12,0.0052905888025344744,0.0064225715017893004,0.0056129107902347366,0.0054241427602560585,0.0055878918146998226,0.0055878918146998226
2019-02-13,0.0053316671226125312,0.0070842400829537449,0.0064560179131905315,0.0062113188366378427,0.0063854545485587996,0.0063854545485587996
2019-02-14,0.005922952028025898,0.0068321572924045894,0.0066012287781656723,0.0064370717903741506,0.0065878225200296341,0.0065878225200296341
2019-02-15,0.0034579712668912355,0.0063469924809576618,0.0056603990685137086,0.0054965273202410387,0.0056535778463948985,0.0056535778463948985
2019-02-19,0.0033855550452981599,0.0064771534450812646,0.0060959600286493651,0.005957508173228339,0.0061095707987411886,0.0061095707987411886
2019-02-20,0.0032692828585520989,0.0063072863627380562,0.0056855975625984684,0.0055434136618730959,0.005713543220810963,0.005713543220810963
2019-02-21,0.0029740566088762186,0.0063695633339539417,0.0060598319465391005,0.0059486542002988628,0.0061051968541236609,0.0061051968541236609
2019-02-22,0.002991990251004841,0.0048015207554206723,0.0045658594729074669,0.0046545675898177,0.0047719417835523394,0.0047719417835523394
2019-02-25,0.0033522594980754934,0.008537458899475386,0.0071579780605880638,0.0066481154435514573,0.0069001034175092974,0.0069001034175092974
2019-02-26,0.0033920032869090297,0.0059399667740419456,0.0054943585510546077,0.0054212630588120498,0.0055796846250063805,0.0055796846250063805
2019-02-27,0.0043417809503290931,0.0077917734128495706,0.0066504947922835494,0.0062641766989546552,0.0064943330811849057,0.0064943330811849057
2019-02-28,0.0056806393352069511,0.0060990580576010308,0.005433974042458929,0.0053183999444458441,0.0054987642082524723,0.0054987642082524723
2019-03-01,0.0050322863368935647,0.0067222611476218507,0.0056985025419982391,0.0053193618076636416,0.0056500726815612873,0.005569367572557756
2019-03-04,0.00800783136638533,0.0062345480687003626,0.0058907816164968088,0.0056869588683971786,0.0058954558352272163,0.00587923540252376
2019-03-05,0.0081601798533060179,0.0052174503936245967,0.0050372991835575384,0.0049864405662831211,0.0051577070045867365,0.0051561077221278766
2019-03-06,0.0082407966966542932,0.0065135950495684644,0.0062299500097941808,0.0060020506427088931,0.0062027271633619081,0.0061922761853922407
2019-03-07,0.007340245540127955,0.0074931569614758485,0.0071162943312074066,0.0067528454101507367,0.0069799808268139057,0.006959166194279459
2019-03-08,0.0076114960142549173,0.0058298457097502839,0.005522223134717251,0.0053745243294993882,0.0055735780358804055,0.005559931802159997
2019-03-11,0.0043700591530347558,0.0056576255926623683,0.0047513291800681291,0.0045271254848282009,0.0048363115055153382,0.0047546163447211472
2019-03-12,0.0040343722027249901,0.0045980978723178254,0.0045543432811692257,0.0046064793050265875,0.0047561351607848168,0.0047567230625746443
2019-03-13,0.003064122796747028,0.0057458573615804566,0.0051112967224731815,0.004920329630651879,0.0051791005844553459,0.0051290092495868463
2019-03-14,0.0058766944335548943,0.0055558409657740478,0.0053455794205658829,0.0052495323215295403,0.0054322145605448019,0.0054236070066655167
2019-03-15,0.01025717143927932,0.0052659176967539377,0.0048604242163505515,0.00476739701564452,0.0049822894053463459,0.0049535572365382386
2019-03-18,0.01013425545213548,0.0050767198897486432,0.0047011298547104813,0.0046350349842775957,0.0048401494805889837,0.0048181352958947326
2019-03-19,0.010664016846150006,0.0047646685670878087,0.0046544174264660388,0.0046715985331766451,0.004827710569991029,0.0048310882480338173
2019-03-20,0.010835188541363972,0.0065413315959132589,0.0060799404622356758,0.0058184669866428139,0.0060501636136060955,0.0060228379514197152
2019-03-21,0.009748606743510654,0.0055491134781053223,0.0047464650999429116,0.0045516819512183872,0.0048388366547677513,0.0047712070323750423
2019-03-22,0.0052349954146710181,0.011750120399775174,0.01099794326428288,0.010050157658954671,0.010386456643756158,0.01032434780427193
2019-03-25,0.0074223716212617648,0.005873214539185663,0.0059335330997148912,0.0058495822460204747,0.0059989937495697051,0.00600154887015258
2019-03-26,0.0066414663659693281,0.0062598506377268773,0.0058276948041927753,0.0056136476444013893,0.0058538970523382963,0.0058069841778974375
2019-03-27,0.0062535004360754895,0.007384081534917087,0.007283709698089752,0.0069868261269691156,0.0071779340691535869,0.0071657041410833526
2019-03-28,0.0061358097696594281,0.0068442101896692862,0.006451312705407556,0.006172051704002683,0.0064107359151506019,0.0063679293090733117
2019-03-29,0.0058659346522270221,0.0058949628559410317,0.0056601062002146979,0.005524895254771056,0.0057286977485537698,0.0056989585753502332
2019-04-01,0.0025933843658943506,0.0074397996444822874,0.0066781229529680681,0.0063366150556156261,0.0065551265668984263,0.0064675992132535755
2019-04-02,0.0034579663504052355,0.0068870883776219151,0.0067440076493213846,0.0065155644148320348,0.0066504194587565877,0.0066619340164947253
2019-04-03,0.0037124386893982279,0.0065354331401766431,0.0063856367310565366,0.006202937776580787,0.0063296175843603215,0.0063461301688851014
2019-04-04,0.0035203841806135056,0.0058957596069747686,0.0057707139991994543,0.0056723237152759192,0.0057805773110272043,0.0058115969830907672
2019-04-05,0.0041017522121893253,0.0061009811799460825,0.0058271866400544398,0.0056885726897690113,0.005820400784886849,0.0058265312272002493
2019-04-08,0.0040980485100324884,0.0066494112591053249,0.0063648129772274301,0.0061245584643205651,0.0062847788330296969,0.0062812934224222364
2019-04-09,0.0034058820638179881,0.0068217923308764705,0.0067932800296721949,0.0065456580094418754,0.0066821157754177844,0.0067128839798375377
2019-04-10,0.0032375265706726872,0.0055474477804459566,0.0053839861548869638,0.00531883083956895,0.0054271428579722395,0.0054589459352294041
2019-04-11,0.0033526564905099442,0.0062375418894994213,0.006096896319644495,0.0059286648650805299,0.0060583228640958033,0.0060823233095587577
2019-04-12,0.0015149040518074653,0.0054901250295560332,0.0051967021894188271,0.0051356816698954165,0.0052548223025289161,0.0052685395582469626
2019-04-15,0.0042704924305221109,0.0057504444284706422,0.0057360020307563198,0.0056494693775343292,0.0057482133321396503,0.0057983627102916185
2019-04-16,0.0043747927906021312,0.0074530814201575644,0.0070289006919720363,0.0066654083799990872,0.0068656703336063152,0.0068286813528373918
2019-04-17,0.0042442884905139165,0.0064479253173453108,0.0063675732171759314,0.0061719447881315613,0.0063018614128860107,0.0063311901987004073
2019-04-18,0.0046429034674027982,0.0053964811404791481,0.0052731365983118396,0.0052200248089507885,0.0053247577464458221,0.0053653933950166093
2019-04-22,0.004679629651460503,0.0061972862915079165,0.0056331751092572342,0.0053632850929644137,0.0055758928282148342,0.0055426629874092215
2019-04-23,0.0024337267113834654,0.0043647338803034239,0.0038481519929303718,0.0038646532578353121,0.0040058434233915339,0.0040087591233028373
2019-04-24,0.0040399432661067901,0.0057385653452763901,0.0054344993434037835,0.0052527371557120252,0.0054194476238724858,0.0054312222286364833
2019-04-25,0.0041447631413309904,0.0048070579719354011,0.0045792653291595372,0.0045318189043136222,0.0046630850851852729,0.0047014268301275759
2019-04-26,0.005642359164900892,0.0064104622904335882,0.0056194064816864255,0.0053032463405601011,0.0055483784758524257,0.0054787859974492949
2019-04-29,0.0058946280343362299,0.0049507668924184756,0.0045816960525776312,0.0045025269421882941,0.0046549950400173994,0.0046705777621457532
2019-04-30,0.0095611541441491359,0.0044293652663991382,0.0041052082779583568,0.0040817709630040933,0.0042231299258595686,0.0042547611581510315
2019-05-01,0.0089675317247097149,0.0051722721790140912,0.0052096851622061551,0.0050699262644205807,0.0052055657036239253,0.0052563277077008995
2019-05-02,0.0090177344066748096,0.0059471391117995025,0.0057774661265240328,0.0055185555635197522,0.0057832654271174214,0.005674716062956932
2019-05-03,0.008207765895378541,0.0036633348315544189,0.0035644081620971471,0.0036157450255202834,0.0037686964987107361,0.0037590350138867129
2019-05-06,0.013911140329309417,0.0062942326689895221,0.0061577526598189086,0.0058747999035611278,0.0061196220862859332,0.0060356537929343035
2019-05-07,0.012369694007375738,0.0090876292321842595,0.0089646397723550306,0.0083753737259927748,0.0086573760645572533,0.0085524094611578137
2019-05-08,0.012627131448940537,0.0057680271083995135,0.0057335846612810125,0.0055699481408451931,0.0057149990212563085,0.0057324036244007807
2019-05-09,0.013213808285468689,0.0061586910895219098,0.0061080229783941993,0.0058927239769971575,0.0060576405811020497,0.0060561169004325396
2019-05-10,0.013341549845811158,0.0046735971439549476,0.0046500757420257412,0.0046288225154886339,0.0047352075038754526,0.0047820470240572972
2019-05-13,0.0075661172354077443,0.012747225774752353,0.012480474133200655,0.011475235894291533,0.011888163487861963,0.011643639234248045
2019-05-14,0.0075595304547458973,0.0063191103921969348,0.0061656892189508568,0.0059947286001502363,0.0061604158615687086,0.0061198278927361727
2019-05-15,0.0072261220308809859,0.0062038979931086933,0.0061407667047084728,0.0059986042961311312,0.0061104974214161627,0.0061375970998375287
2019-05-16,0.0080898603315113955,0.0066634940607062289,0.0064901552259745855,0.0062861090764106484,0.0064623364095852424,0.0064073453322370756
2019-05-17,0.0076195957456971792,0.0083284180627527307,0.0082800779062829743,0.0078825673742019108,0.0080377118577385741,0.0080411239019113519
2019-05-20,0.0081681585735273489,0.0085678962477426061,0.008498199292857651,0.0080706878306323095,0.0082417698446997818,0.0082269484863511551
2019-05-21,0.0077249750207695738,0.0066032273215835095,0.0064544793605796728,0.0062660866743106418,0.006423697202732578,0.0063896614472523684
2019-05-22,0.0076987909688500961,0.0089336243803491353,0.0087434619064623298,0.0082565605032270846,0.0085009583000789871,0.0083946545997318281
2019-05-23,0.0081153538817960273,0.012188234290972474,0.011802231761066487,0.010892758381442713,0.011323437094664103,0.01102369464981923
2019-05-24,0.0081319929506725747,0.0070468644131696,0.0070013077876196102,0.0067767198750641137,0.0068862962644985247,0.0069206175088207993
2019-05-28,0.011870144635959552,0.0088602548648776813,0.0088363067997920906,0.0083885707870777933,0.0085350472491732571,0.0085525202433417921
2019-05-29,0.012112359823349798,0.0087088656676879671,0.0086507083505874462,0.0082189009819691114,0.0083786144449786593,0.0083751191986759579
2019-05-30,0.012394464501245542,0.0095603205645137905,0.0091959224474845464,0.008622479576350435,0.0089667888862868458,0.0087319282093036299
2019-05-31,0.01168936061663263,0.013243764711414193,0.012777782606700028,0.011738162625368115,0.012231273722923208,0.011861369707170475
2019-06-03,0.011812567168578918,0.0093268023672877873,0.0090725151674369252,0.0084789717900379813,0.0087362629533011046,0.0086092154535329871
2019-06-04,0.0068785210154965149,0.0079364802953162342,0.0076040266771284972,0.0071113992802001938,0.0074584556926910305,0.0072200968609826164
2019-06-05,0.0057499518904026862,0.0095544228245171194,0.0092950747685576814,0.0086120650590128488,0.008979637533435043,0.0087234158400493703
2019-06-06,0.005296364211564689,0.0085500264777115635,0.0082132234404748844,0.0077748019800225332,0.0079840572915354582,0.0079018148407393064
2019-06-07,0.002909283712190942,0.0075979143142530436,0.0072017903529438786,0.0069323336894493983,0.0070660372349232396,0.0070649468845246739
2019-06-10,0.0020737784322085976,0.0089656913748701137,0.0086377595918667015,0.0081582083357257772,0.0083727118368330834,0.0082842555639733619
2019-06-11,0.0050979083738413181,0.0076165769459590046,0.0072749343059491057,0.0069783303390946617,0.007087719097245912,0.0071237288172727948
2019-06-12,0.0051362745037185553,0.0097140353423229298,0.0095077125149617726,0.0087883265245265567,0.0091316103525843351,0.0089116643512119117
2019-06-13,0.0064088382409977262,0.0074832539383368766,0.00715834293113728,0.0068145536832324083,0.0069870023147909112,0.0069534492598249719
2019-06-14,0.0064227672013112951,0.0077126950635640901,0.0073946222456926641,0.0070535517397010417,0.0071901653631865478,0.0071982641215237557
2019-06-17,0.0064438507032921989,0.0076593359415243019,0.0073503878380939865,0.0069879494158408099,0.0071506355379509275,0.0071303338401929421
2019-06-18,0.0062652306352712628,0.0076137104423924171,0.0073329837339862576,0.0068557497566582295,0.0071564873652341906,0.0069815337325801778
2019-06-19,0.0061996294197910152,0.0066158072243171105,0.0062517492734261455,0.0060704372324240172,0.0061449967402968401,0.0062214377766610165
2019-06-20,0.0047810521396105315,0.0079147983469827175,0.0076519874801479317,0.0071214805307786323,0.0074468313163293665,0.0072452407990453039
2019-06-21,0.0052634609784612384,0.0078286022424701382,0.007551909618605775,0.0071296259785843591,0.0073241378655051585,0.007271768954638407
2019-06-24,0.0066135487853747985,0.0077493538327084079,0.0074665156605936431,0.0070608359438744644,0.0072467683471825074,0.0072036003006051633
2019-06-25,0.005065779383795088,0.0087299660850375799,0.0084768327164773116,0.0079872968874381174,0.0081567850268382536,0.0081337301252989921
2019-06-26,0.006176223544550755,0.0085346940481294854,0.0083120553604975958,0.0077257803916526572,0.008020601658357919,0.0078585564033562885
2019-06-27,0.0059915629413951656,0.0068381658269923845,0.0065237817641741911,0.0062254613312942792,0.0063887952708608442,0.0063700532285736649
2019-06-28,0.0060582322791968585,0.0066023441015418327,0.0063261081336514948,0.0059715621640480804,0.0061976489808594337,0.0061136674644198877
2019-07-01,0.0045472390366879233,0.0064929128944749802,0.0064143624705011492,0.0057735056842878234,0.0061884741620275401,0.0060399147317993247
2019-07-02,0.0048855295069646157,0.0079643668552952535,0.0082780705109737982,0.0070065557978035257,0.0077570869993947716,0.0073985307194445373
2019-07-03,0.0035046113124875423,0.004567838277011722,0.0041984724738459867,0.0040613110911448692,0.0041893068255308037,0.0042253126437749432
2019-07-05,0.0040017001437873444,0.0064585839247398198,0.0062681882836431307,0.0057650879635244637,0.0060271128187350202,0.0059563267310975103
2019-07-08,0.0031565253418872606,0.006319477484132403,0.0059490249059327687,0.0056930617718381838,0.0057691689414634938,0.0057997454410766555
2019-07-09,0.0034264701737961984,0.005311446322382847,0.0049145734089603016,0.0047623536047537371,0.0048388695921738048,0.0048881077185676646
2019-07-10,0.0040646951745753213,0.0064304071228948011,0.0064320215508693176,0.0056773024720262223,0.0061421345942756335,0.0059641014515403844
2019-07-11,0.004253897095719804,0.0055529457937523044,0.0052616595712381038,0.0049531241636629189,0.0051328063761065541,0.0051225640138140632
2019-07-12,0.0045067168746219678,0.004897042334026689,0.0045076708158328215,0.0043736785427486088,0.0044691691509672338,0.0045160262721230405
2019-07-15,0.0046359789149478994,0.005972022455758395,0.0057257959599586296,0.0053287709158799084,0.0055430623137696141,0.0055064566751048382
2019-07-16,0.0054365639835365119,0.0062715480282292957,0.0059624060030226411,0.0056289352149929495,0.0057714126651483713,0.0057676764848440896
2019-07-17,0.0049626540143821313,0.0077880307178043017,0.0077525266324557519,0.0069534992067488985,0.0073395591230143511,0.0071777624583139908
2019-07-18,0.0051520712023170852,0.0057921515687629635,0.005591344403073145,0.0051477163439006693,0.0054180304444546978,0.0053553887505846821
2019-07-19,0.0054089512344100378,0.0067672417461024899,0.006537206371250279,0.0060637306495452473,0.0062705883354938199,0.0062227860931242836
2019-07-22,0.0053588514717569161,0.004961582350300359,0.0045375981828639656,0.0044440325325339775,0.0044987336358371047,0.0045657644288211573
2019-07-23,0.0044467782910139562,0.005074223354932037,0.0048052422866506133,0.0045008868423779659,0.0047201853769321912,0.0046981711185831547
2019-07-24,0.0062912996808400954,0.0055296266126113507,0.0053978180182469712,0.0048758787968006916,0.0052109860770967699,0.0051170954826327188
2019-07-25,0.0070917499552623194,0.0058932261365501485,0.0055076355522493924,0.0052972965359314875,0.005359130304352624,0.0054040992218743773
2019-07-26,0.0072663173568698683,0.0044973755128094872,0.0041174849719859633,0.0039964456118945771,0.0041077002770408665,0.0041530479464136263
2019-07-29,0.015446826692847408,0.0060142661739084925,0.0057398953001138557,0.005375414624819946,0.0055537958397349416,0.0055348966799171652
2019-07-30,0.016618708805874276,0.0063832651591722257,0.0062264043457073322,0.0056792037753651721,0.0059639719475075301,0.0058808341023331451
2019-07-31,0.015876017560054273,0.0075045646804145936,0.0072400769658816904,0.0067636376484459353,0.0069192456885477103,0.0068855136427722324
2019-08-01,0.017670723215109093,0.01027248963000537,0.010632824980066697,0.0090605812618049612,0.0099794572294435446,0.0094471193859814763
2019-08-02,0.017611739359853246,0.0077166257761044918,0.0075844612139071184,0.0069171541506349212,0.0071983473511712691,0.0070857818329812606
2019-08-05,0.012397812380708416,0.014174514060578732,0.014178790612717542,0.012891982010155106,0.013312108125119571,0.01288268382249616
2019-08-06,0.012749511564326172,0.007137631134117025,0.0070444561343239913,0.0066079082546387329,0.0068514928151624009,0.006727740005145884
2019-08-07,0.018510493017367725,0.0089932862458418066,0.0088648296921946812,0.0082888351154255767,0.0085005201683675639,0.0083372408391002954
2019-08-08,0.016386723252023536,0.0063493508434317777,0.0061332217980640822,0.0059951776134618889,0.0060572886119666745,0.0060422725679542683
2019-08-09,0.017380689750808986,0.01067919870039249,0.010498078331344592,0.0098954262471482937,0.010025238222946788,0.0098384578938325133
2019-08-12,0.017342730325265447,0.011479398251521973,0.011252097562158793,0.01064812221076515,0.010718514624521183,0.010535225022304593
2019-08-13,0.016278071129204617,0.0087601786076653022,0.0087619997104071631,0.00816278863746254,0.0084907985014753412,0.0082449346212887936
2019-08-14,0.0098969139024258964,0.016429558962884564,0.016299506670247557,0.015231419119634729,0.015398662784555178,0.01497742340104034
2019-08-15,0.0098273104118852071,0.0098965873519372555,0.0095019371082907186,0.0094103954103591375,0.0092099979277317813,0.0091909769669925659
2019-08-16,0.013751719760033228,0.0092309817953401541,0.0090067603367151028,0.0087876040615558065,0.0087862275479976496,0.0086742360573517537
2019-08-19,0.013587317449767846,0.010091957527056692,0.0099116073720359691,0.0095702511680039754,0.0096218809124404541,0.0094504256576795308
2019-08-20,0.013261662942621008,0.011751990151570236,0.011296302788759472,0.011151378196199156,0.01086738178219239,0.010825156255463562
2019-08-21,0.013137278740247999,0.009601266222220791,0.0091992046711257946,0.009198238995745265,0.008967582519019239,0.0089625892162413442
2019-08-22,0.014310389322653086,0.010505184059935609,0.01002255876708461,0.010038492921126817,0.0097119696848861261,0.0097304856163633411
2019-08-23,0.0083298047219238606,0.016839742340689322,0.016676719797614235,0.015716476718812621,0.015805976194186874,0.015390815869311361
2019-08-26,0.0072162611319622708,0.0099558900769059471,0.0095474641331621916,0.0095934147064648291,0.0093297720587563852,0.0093154403238838394
2019-08-27,0.0086290665344829643,0.012692052256853447,0.012356405145419858,0.012042845025137229,0.011885490716698765,0.011728397574939833
2019-08-28,0.0098613144483868844,0.010493489936234446,0.010067244356010242,0.010084498155694213,0.0098014172735251658,0.009780729532573142
2019-08-29,0.0080713422148150239,0.010200996697687575,0.0098637530919347786,0.009805657298000519,0.0096280593621131255,0.0095570049287466603
2019-08-30,0.0080720335160026878,0.012090265349093535,0.011728957447230451,0.01151413920269569,0.011318677780775201,0.01119935780736374
2019-09-03,0.0076348355969969367,0.01219681977587091,0.011945559868031103,0.011561816136719819,0.011202518554568216,0.011222920910028102
2019-09-04,0.0065464012110778933,0.010471417993701189,0.01015389221161145,0.0097398292981846699,0.0096749186159685446,0.0094387837271529482
2019-09-05,0.0035516629717449464,0.011176584833040999,0.010963345369697761,0.010331662570624225,0.010310292396009753,0.0099988037443115175
2019-09-06,0.0035473120540276864,0.010001842524195406,0.0095286666138089792,0.0095157044198159579,0.0092385967308773222,0.0092544376615596828
2019-09-09,0.0038008735285711467,0.011433090500821932,0.011164313639380988,0.010688771476847552,0.010468551987616511,0.010387244411778837
2019-09-10,0.0039641375811708549,0.010572848644840371,0.010190739341482347,0.009931550452563203,0.0096847645371128718,0.0096700408957601583
2019-09-11,0.0023966374213897938,0.010389044697951946,0.010068830450543713,0.0095651483067298228,0.0094825405263959175,0.009312254511261088
2019-09-12,0.0018312251644627088,0.0086305183873949497,0.0081274056293844116,0.007792610557847723,0.0077108631683255133,0.0076797543197637238
2019-09-13,0.0027840676169688877,0.0091165044522148811,0.008639142698806954,0.0082905588732199165,0.0081404729839582596,0.008166192979401337
2019-09-16,0.0024182944148482409,0.015218116340198193,0.015591668130804596,0.013348573086843594,0.013403817760107829,0.013048044232880095
2019-09-17,0.0041207055886393644,0.010040584880220152,0.0097519321585726459,0.0088864097207156136,0.008874885538564933,0.0087503949839896449
2019-09-18,0.0048849959426372335,0.0080573268560604136,0.0074796505082773907,0.0072438888283537037,0.007130489524595383,0.0071801362877659848
2019-09-19,0.0049731330911729548,0.0077372563089352659,0.0071124709987131487,0.0069745611552284818,0.0068417836489990721,0.006925335176841965
2019-09-20,0.0051070032938760395,0.008995169532766795,0.0084967927521353414,0.0081353106444676266,0.0079487502375570791,0.0080489184244163688
2019-09-23,0.0055093041133307324,0.0060218156165732697,0.0052627524711834073,0.0051326593886512227,0.0050847999239740423,0.0052243087872844898
2019-09-24,0.0068247233920188631,0.0087597013467841447,0.0083070086778589229,0.0075815395304810749,0.0074769930771889925,0.0075940851700891663
2019-09-25,0.010156392559870692,0.0071458688799696107,0.0066068649433545217,0.0059325375028821872,0.0060543521949797752,0.0059818814063828663
2019-09-26,0.01075159313852149,0.00695940235118907,0.0063158370754319302,0.0059435248912052367,0.0058961404551995458,0.0060094896490959192
2019-09-27,0.012078710952387516,0.0069414757184971237,0.006279171712971203,0.0059345276881801268,0.0058421524583925927,0.0060185156984807345
2019-09-30,0.012056211876037008,0.0073362394665937528,0.0068280678768219685,0.0060533809227782277,0.0061799364094284109,0.0061115728686011892
2019-10-01,0.012871651894504964,0.0087993419954242123,0.008081925655560809,0.007444798252236073,0.0073597069659401063,0.0075019187064458885
2019-10-02,0.01095514649072736,0.010088092938239614,0.009533089219002297,0.0088429895864540406,0.0086907197552667497,0.008861319914666186
2019-10-03,0.010760557552176258,0.0062683839397776869,0.0054265079827237857,0.0049385618776860395,0.0050935859064134047,0.0050872342235222245
2019-10-04,0.010046272135595124,0.0058926755689836501,0.005065469294133134,0.0046605859633763883,0.0048672087954981253,0.0047966887172417837
2019-10-07,0.0098710185154235446,0.0078293947532151846,0.0069771521483403681,0.0066214461665300775,0.0065685158158320578,0.006574569788948637
2019-10-08,0.0082392641410669598,0.010157760790595124,0.0096215898676528973,0.0090629553335460199,0.0089064925713294909,0.0090086091695313498
2019-10-09,0.0071088980349139127,0.0068319733198686505,0.0061031562296277068,0.0057301306682367758,0.005873174202733521,0.0057957701157291741
2019-10-10,0.0065713241571145201,0.0078024196342826825,0.0073000839643653052,0.006723206956318865,0.0068823829955750784,0.0068696084387162692
2019-10-11,0.005075348188787113,0.0077044681710927406,0.0072785282930833408,0.0066742436286119306,0.0068903098988003803,0.0068587431769643187
2019-10-14,0.0058856211765451801,0.0086414400202645056,0.0080934751367009918,0.0076189667116252661,0.0076421976047627831,0.0076351492324038348
2019-10-15,0.0041678296168580677,0.0076981426378068644,0.0072297529959860132,0.0067035042604873234,0.0068926560337145533,0.0068376177751019035
2019-10-16,0.0043060512238118475,0.0082237034146772896,0.0074834765853655392,0.0072385773910519325,0.0071945120852129505,0.0071239007221797802
2019-10-17,0.0041642492836087069,0.0079064234904302443,0.0072330809467257996,0.0069211220906591191,0.0069579284166443834,0.0068811694599518677
2019-10-18,0.0041026637775213618,0.0087633983113572823,0.0081027062246418011,0.0077843195227633548,0.0077210458335038069,0.0076834970662197476
2019-10-21,0.003744383458448259,0.0077152433906217573,0.007116644685153892,0.0067427259275738205,0.0068487969168747513,0.0067664985376819798
2019-10-22,0.0034491735330533331,0.0087186345748070295,0.0080893353763525633,0.0077342916584247218,0.0076961457395594698,0.0076632087895789451
2019-10-23,0.0034762623678951253,0.0083113742442361884,0.0077899693069671608,0.0073124948976421656,0.0073923488414164157,0.0073614938136245872
2019-10-24,0.0036018451484572389,0.007965517311570889,0.0072711746696904837,0.0069642227374668506,0.0069814713317233289,0.0069126514707363524
2019-10-25,0.005161247176583594,0.0078150996014625679,0.0071721534210729583,0.0068007386293986172,0.0068690138854318574,0.0068062864161399575
2019-10-28,0.0048513880304118847,0.0080436858071774638,0.0075416565782381395,0.0070323547989275814,0.0071582748962403893,0.0071234348912722319
2019-10-29,0.0048747599641336473,0.0079362733945591152,0.0072034895508571875,0.0068560323897567926,0.0068570417008813871,0.0068207842426946256
2019-10-30,0.0046795349199492591,0.0071996141627121086,0.0064535412156172282,0.0059281810009343006,0.0060224009244924633,0.006043948732362912
2019-10-31,0.0047896389956431145,0.0081184862252978718,0.0074726003924508802,0.0068503419109699135,0.0068905675683854379,0.0069672321200077133
2019-11-01,0.0026737842228484539,0.0066659145570880807,0.0065279536352862398,0.0056676052605041643,0.0058811458953253182,0.0059084662713524624
2019-11-04,0.0021596400717504701,0.0066637048266992424,0.0064834877496076125,0.0057867038346264789,0.0058571402751777767,0.0059051614310612986
2019-11-05,0.0023034418303456883,0.0067400541841475181,0.0066575319794776652,0.0057498295960043038,0.0058055239692063028,0.0059315143517719333
2019-11-06,0.0023057312897297368,0.0058715012309344186,0.0056094443819865621,0.004902412836904322,0.0048995382457644159,0.0050075183206611511
2019-11-07,0.0018096558773123656,0.0061442862277767164,0.0059921581339344833,0.0050379432782185112,0.0051778733885897345,0.0052878361855063045
2019-11-08,0.0035297383804252639,0.0055166840807207313,0.005235376876774455,0.0044412807319833009,0.0044997485959419638,0.0046124268017300281
2019-11-11,0.0034405148903948945,0.0056515439571049111,0.0053532126452165672,0.0046912112257744259,0.0046334867048648965,0.0047602174236406804
2019-11-12,0.0033116638591920043,0.0051644091061521027,0.0048284421705529299,0.0040711540461873599,0.0041055887047257156,0.0042262830263194448
2019-11-13,0.0037043236336941018,0.005504882553132787,0.0052387349381206177,0.0044148275286313449,0.0044468663646449729,0.0045840437455578285
2019-11-14,0.0037171597756474862,0.0052303117128953041,0.0049102392230612833,0.0041357730712955447,0.0041659984534778479,0.0042933384329434613
2019-11-15,0.0020992240942693074,0.0046619899828797681,0.0042734668366258381,0.003449301556077272,0.0035845484283000212,0.003685258267264221
2019-11-18,0.0040272175065501695,0.0053730987936045707,0.0051023483191702263,0.0042422570715252711,0.0042913209357603723,0.0044346234369366851
2019-11-19,0.0041504280992761032,0.0060596452600975232,0.0059618236591491474,0.0048539872186818909,0.0049796989764675746,0.0051513826788369289
2019-11-20,0.0042902737133663467,0.0065787307278484539,0.0065482597382045971,0.0054568732003092693,0.0055271877239527496,0.0057114322539580219
2019-11-21,0.0045441049388862181,0.006381774937798141,0.0063183963755891401,0.0052351094387566299,0.0053353777682811857,0.0055052108328003365
2019-11-22,0.0058495387465133976,0.004916036016821234,0.0045403240310554049,0.0038093960450061746,0.0038329762094001362,0.0039559353710474296
2019-11-25,0.0055993855413837045,0.0050193233448554411,0.0047132056056749146,0.0037732122483020562,0.0039616426223417767,0.0040655722554345814
2019-11-26,0.0061559290635130343,0.0051505189958021757,0.0048205648499890109,0.0040398963988362265,0.0040846101868825292,0.0042080842431057239
2019-11-27,0.0058809036053517521,0.0049705475525656994,0.0046165021528790633,0.0038240127894570179,0.0039068018651756617,0.0040179402722099536
2019-11-29,0.006954057755486894,0.0071893536215004699,0.0072822547055743665,0.0060500815265158445,0.0061775339782156428,0.0063658284751861374
2019-12-02,0.0059822490354274243,0.0064571280305840972,0.0066256195174647535,0.0057210789680927875,0.0056448035077993749,0.0058472278760874196
2019-12-03,0.0051942079678288979,0.006790997623374373,0.0070237094519442775,0.0060360436285484646,0.0060268749281876159,0.0062119503453031827
2019-12-04,0.0045848330679389019,0.0057523155096948601,0.0060593901644406221,0.0049919856702101842,0.005228232034609594,0.0053100139870884923
2019-12-05,0.0059249186598848928,0.0048322737959740937,0.0049064044206911881,0.0042272702097028436,0.0042354278361339259,0.0043343345442417381
2019-12-06,0.0043175785969039966,0.0048800319672435734,0.0050756600977088255,0.0042350371203293356,0.004432813044908732,0.0044724692217449104
2019-12-09,0.0051023413009372454,0.0056319548164663847,0.0056975868713742663,0.0050542691048943329,0.0049732758798024437,0.0050996388951865465
2019-12-10,0.005078820927006119,0.0054725584186985227,0.005554929345965659,0.004886582560057107,0.0048486565306316729,0.0049604443686276489
2019-12-11,0.0049181008281644813,0.0056668159343429463,0.0058571999540915293,0.0050150543123709083,0.005112180101979379,0.0051999934879034208
2019-12-12,0.003578288637316789,0.0056259617474225141,0.0058975505040240626,0.0049548835419057843,0.0051909195285597624,0.0052303067971273525
2019-12-13,0.0040693578751195853,0.0056747536233063122,0.0057957495445307514,0.0050905789980794768,0.0051001030211834907,0.0051923495397555629
2019-12-16,0.0027658614585223144,0.0050655676625268476,0.0052154365876532181,0.004475275965255595,0.0046007867295027758,0.0046453774378591222
2019-12-17,0.0027641621300594481,0.005864697703871288,0.0060099394304973051,0.0052608063896618104,0.0052816366021090182,0.0053793116437204939
2019-12-18,0.0036438147216444196,0.0057941511286621261,0.0059255076526199147,0.0051993803411809307,0.0052082867468666765,0.0053062887059228941
2019-12-19,0.0031533285898521115,0.0048436816041418883,0.00491258786491767,0.0042959246237331637,0.0043249683628285426,0.0043884132114147267
2019-12-20,0.0034970035888514327,0.005178984073172653,0.0053088978083741757,0.0045865427244717455,0.0046626195844867158,0.0047291157669507493
2019-12-23,0.0035972391401168664,0.0052133615017644092,0.0052923117112680627,0.0046499015297116718,0.004647098388003563,0.0047326803988426121
2019-12-24,0.0055018725060921331,0.0053578160628380304,0.0054462636112028251,0.0047690441776291163,0.004753200233621792,0.004856686964928237
2019-12-26,0.0060156718179532427,0.0047181405056549511,0.0048029156831117508,0.0041516412797968135,0.0042126827318441085,0.004271178632703777
2019-12-27,0.0062510463751375587,0.0053018116490783397,0.0053718917184208004,0.0047289860661655671,0.004695350902609704,0.0047984428403640405
2019-12-30,0.0058778104144008936,0.0060695865045460751,0.0061467641108030064,0.0054873444361081018,0.0053757528766773385,0.0055187989265331038
2019-12-31,0.0062467947576570733,0.0051281713296398076,0.0052642366433725517,0.0044783977474547442,0.0045395824897836168,0.0046389347917278542
2020-01-02,0.0055520114940640951,0.0049673041571769699,0.0051737801495517731,0.0042066348381892254,0.0043149368260923986,0.0044352016649063242
2020-01-03,0.0045750106434235722,0.0070294478796864967,0.008288256766866087,0.0072105876716988017,0.0070982899305287736,0.0073038551779327845
2020-01-06,0.0052370338467216471,0.0052950917462033509,0.0052659414238287123,0.0044767520125390415,0.004483019494988208,0.0046075910914526027
2020-01-07,0.0051289514029520577,0.0057723725209349371,0.0058484408870015138,0.005051999850741307,0.0049726538176493159,0.0051327832001050299
2020-01-08,0.0046555461264130077,0.0057184852580957546,0.0064716121327930715,0.0054136746240085682,0.0054755681519952359,0.005619478709533548
2020-01-09,0.0051249698104500413,0.0051221764584649604,0.005189418653691838,0.0043266936966342767,0.0043837584237043968,0.0045027721400000883
2020-01-10,0.0051512843645236343,0.0059429512465606193,0.0061879369725442368,0.0053639234677455615,0.0052849831702708443,0.0054457601216326926
2020-01-13,0.0042318811710348762,0.0053852520874223143,0.0058003710614230744,0.0048412021047453332,0.0049106843987111806,0.005037187037525542
2020-01-14,0.0041768756380924513,0.0057040160241428207,0.0057727391230372859,0.0049816431721871899,0.0049177506478020562,0.0050698304354975798
2020-01-15,0.0040853342139868885,0.0054411963990547325,0.0055521897482210519,0.0047006633524413113,0.0046968307708007053,0.0048377766578504601
2020-01-16,0.0043502774106942812,0.0049161797570709273,0.0047900695696515179,0.0039938839871110693,0.0040613237438567205,0.0041648558055298358
2020-01-17,0.0083197374298715366,0.0053141159825939545,0.005258875145579248,0.0044778123527149747,0.0044741456795048453,0.004601883271627992
2020-01-21,0.0094965114987671378,0.0062570935272560453,0.0069786621541543916,0.0060204182385466282,0.0059689913870182567,0.0061359818066274597
2020-01-22,0.0095035452326991884,0.0060405618751994449,0.0066693200166622578,0.0057191960135555397,0.0056950804973652618,0.0058515364257201753
2020-01-23,0.0095996990718092978,0.0058435105389685466,0.0063019435774804341,0.0053933372304486738,0.0053780175561218601,0.0055258493245460274
2020-01-24,0.011973012195936114,0.0069149055650815725,0.0077032381785532116,0.0068486205677348849,0.0066841076339062937,0.0068688736333284151
2020-01-27,0.010103644290698986,0.0085170590630440461,0.010384828313986761,0.0094315579509778626,0.0091662467779417001,0.0093788274128182442
2020-01-28,0.011229881951696639,0.0057054799254043888,0.0060820064313986035,0.0054166287697475944,0.0054687113160018456,0.005520969408677673
2020-01-29,0.012342606847029959,0.0064589036393473574,0.0068779246756790584,0.0062629815403048806,0.0061598218078572119,0.0062646332189365611
2020-01-30,0.01234897919846697,0.0061088519579850908,0.0064227062063558406,0.005809986014012984,0.0057610128137344663,0.0058455934952604469
2020-01-31,0.0095420493106398267,0.0087920717493322493,0.010413033545755694,0.0097110854736551493,0.0093705221092238097,0.0095551662662777363
2020-02-03,0.0095477242390189405,0.0065472896296594517,0.0077960690424760115,0.0071386807592810526,0.0069447470477202889,0.0071449765347428194
2020-02-04,0.0067821892095135334,0.005924186775471958,0.0071933630474158936,0.0066068739912722311,0.0064866826241006996,0.0066518367535539358
2020-02-05,0.0052800684839536399,0.006048820817765181,0.0070010537113645646,0.0065357505170725123,0.00640912183946548,0.0065322927346145344
2020-02-06,0.0050842911096309062,0.0063700002934484971,0.0067689940167734493,0.0064470081940670469,0.0062969421371700841,0.0063664004936938891
2020-02-07,0.0045443473695423601,0.0077190526863865705,0.0088203242036131203,0.0083538273127097794,0.0080233475885601504,0.0082058818377912703
2020-02-10,0.0033043903221032941,0.0063366326056782342,0.0071663707975990381,0.0067483932802903128,0.0065906205286870214,0.0067047984165396245
2020-02-11,0.0038560878000431817,0.0067529705216488947,0.0074523516094457398,0.0070638462306181439,0.0068598292427901643,0.0069728326128493867
2020-02-12,0.0031641848737268201,0.0065529344327403503,0.0075474770755509868,0.0070869454201968798,0.0068988498649115897,0.0070385640479335631
2020-02-13,0.0055869748016691397,0.0070669056199578447,0.0078272581049760471,0.0074399483094226854,0.0071966963129132533,0.0073222514247977682
2020-02-14,0.01606914649144222,0.0066441430536640003,0.0071985884823329216,0.0068334234156422063,0.0066463798487624197,0.0067428064738918872
2020-02-18,0.021124767513115813,0.0071786271747572529,0.0079221134701297994,0.0075234771090468347,0.0072673662260701721,0.0073981819675281177
2020-02-19,0.021081293780062307,0.0066573458045294112,0.007603236554900793,0.0071444765765379913,0.0069452426020529361,0.0070851723638742838
2020-02-20,0.029382644050860027,0.0076110443149930091,0.0087171718405222049,0.0082490597660157157,0.0079313645617549357,0.0081112296773272301
2020-02-21,0.029076720050824668,0.0084934290250512513,0.0099447803407964747,0.0094561895069142227,0.0090234532567284882,0.0092534786396053278
2020-02-24,0.031263528051203103,0.012355550385023836,0.015625694584617711,0.015117552744656921,0.014172548055929046,0.014621482733007358
2020-02-25,0.030932496688070365,0.011856685563467041,0.01463154865813205,0.014424120281571112,0.013551685272145238,0.013886983723147363
2020-02-26,0.035960465131891287,0.0086358376449691115,0.010526016649008128,0.010430348969357734,0.0099673016008834155,0.010130378372863092
2020-02-27,0.033157610720689734,0.01490751921931463,0.019386453975232448,0.019212214732324553,0.017927558964871918,0.018438169568334647
2020-02-28,0.033933080892272816,0.01021708176475916,0.013632199021354876,0.013610518617271,0.012915835681622391,0.013189914287169265
2020-03-02,0.04598183646762026,0.0055471717030884026,0.0097731823081812167,0.0095115012531299722,0.008932442232525914,0.0094224827527211695
2020-03-03,0.049543963327169607,0.017314465346019263,0.019113623281705985,0.019526468576675171,0.018235499712915711,0.018430795560565913
2020-03-04,0.051137971752090401,0.006747548477772731,0.01126647682009385,0.011198372010680002,0.010501043119097664,0.010983198858951642
2020-03-05,0.066402770751755547,0.019270959457253538,0.021466483363772489,0.022053351040327018,0.020562228045327056,0.020766347528549632
2020-03-06,0.075494836619506095,0.017760383538947697,0.02209570507914338,0.022187493763527535,0.020537068804388395,0.021023189678619915
2020-03-09,0.084041986744067251,0.034285365451714213,0.042201383968848746,0.042025325833747192,0.038457016109297061,0.039392031207412158
2020-03-10,0.084303225966107884,0.010680694761349313,0.019316206845580091,0.019145616820331456,0.017624261922460818,0.018508575456050981
2020-03-11,0.084542640752587772,0.025003634321939656,0.027391539544090591,0.028836450991034563,0.026906990385813841,0.026980746151713645
2020-03-12,0.071592894702656076,0.036855717543301643,0.04034218980718858,0.042067232744629389,0.038980411582487308,0.039150559329559777
2020-03-13,0.06455934491148467,0.010024837550744596,0.021279830714879121,0.021626033321518946,0.01993233069112332,0.020938914314478148
2020-03-16,0.040201391279626977,0.046474185543123589,0.054696228066890104,0.056384484923571461,0.051900268826819612,0.0525409000170136
2020-03-17,0.050671185545388291,0.018249478962344072,0.030257338736623608,0.031177524676385356,0.028725739018622205,0.029721079389676844
2020-03-18,0.045516654876222938,0.03499734081485964,0.043091836377308748,0.045017874949302469,0.041609259175063126,0.042135325205605777
2020-03-19,0.052105146429535912,0.025796202343560969,0.035137731559814867,0.03675132542340806,0.033996648175517702,0.034652118628954197
2020-03-20,0.050097255997092506,0.033469752577168714,0.041389628382385649,0.043388349182995653,0.040145187248158007,0.04063376787269226
2020-03-23,0.050792182313856821,0.029286179910248566,0.036295317914658273,0.038482003492872084,0.035738784366084478,0.036088879632467152
2020-03-24,0.033473853803928359,0.013470884385036446,0.02577457434986875,0.027113292568126994,0.025107584765063643,0.026020879492915851
2020-03-25,0.038735563769951256,0.02384814778317159,0.032046818370490178,0.034399226866141983,0.032032785764511719,0.032427853591244796
2020-03-26,0.030991139766944748,0.018926624401948876,0.030451412993393961,0.032133552158978701,0.029762822283530544,0.030563703645141809
2020-03-27,0.028635247907086818,0.032462812971574315,0.040276223711847386,0.042887217992008633,0.039817579653100676,0.040167284787575752
2020-03-30,0.03822126881774629,0.022060904861967663,0.031703419240286627,0.033816588542091748,0.03142282883625324,0.031985195740821461
2020-03-31,0.037629355755234413,0.028226429863175903,0.034533837658090122,0.03742499534365068,0.034936949710622389,0.035076727847636012
2020-04-01,0.034783484253405508,0.062703868214597613,0.060084033402565594,0.060112825163809488,0.059282089723794208,0.05712716372716628
2020-04-02,0.033932608129301871,0.062584858275738231,0.059295701782697927,0.058168171299355684,0.056539771254787367,0.053114850808007034
2020-04-03,0.033553717603729591,0.067983207488801364,0.064918862553931381,0.064050260010373866,0.062256540931973699,0.058927735121577028
2020-04-06,0.02120511835033902,0.06039260934910274,0.056759415668985173,0.055037206855012885,0.053104852983944885,0.049103766398547376
2020-04-07,0.023274575131861479,0.05179556698102239,0.049028792671706421,0.048928339485484584,0.048625473195634976,0.046716540016841758
2020-04-08,0.018119375435922354,0.049766822614057092,0.046752691119118631,0.046214628488605761,0.045702985695686968,0.043385514978347459
2020-04-09,0.020610887640674657,0.053123653985528374,0.050308687336094088,0.049512844793004232,0.048302952247888088,0.045606770077926913
2020-04-13,0.021706450681564578,0.042622725295178701,0.040378272998161151,0.040538896602582405,0.040501281349684601,0.039239651692938922
2020-04-14,0.022188795600333613,0.039372927424216692,0.037022273932077368,0.036221132407302556,0.035223045220710132,0.03305327637478437
2020-04-15,0.02228149100873451,0.039229296573265945,0.037390638178852117,0.037410725637666155,0.036953587395902238,0.035696814246586599
2020-04-16,0.022177299367594404,0.029597518157015522,0.027801060027196088,0.027897828187755814,0.027977350744678484,0.027152744963217852
2020-04-17,0.019698706608753995,0.036058371210621311,0.033881148861223682,0.033161322556577777,0.032257867622988837,0.030307053251399443
2020-04-20,0.019126814936828919,0.043495153243971338,0.041592869040912438,0.041009769530427106,0.039632325397013071,0.037578569356016486
2020-04-21,0.013413996912413189,0.071713119641121967,0.069212278672616062,0.066881083693359905,0.062462208095743196,0.057494531592936673
2020-04-22,0.014734920788892953,0.041372149442292831,0.039235873204516478,0.037835980543447799,0.035756072149836636,0.032897087687503275
2020-04-23,0.015317247611767589,0.028972943750950747,0.027366416308597222,0.027216987505247529,0.026821282809873462,0.025773293270845002
2020-04-24,0.018446260699076136,0.024425821423519165,0.022851022205905389,0.022634219555605725,0.022347506700270851,0.021394877657512017
2020-04-27,0.017343512998228901,0.047339987024973031,0.045201101919503217,0.043288498219759594,0.04025741645853783,0.036640352242254058
2020-04-28,0.01770497837799943,0.02457919360083103,0.023216678487994073,0.023194763107204697,0.022935488182777235,0.022199683613070554
2020-04-29,0.013753477470243119,0.025317071476041487,0.023640770802681808,0.023044913771439825,0.022331311693725167,0.020937771140405664
2020-04-30,0.014157350261511477,0.029791415326539332,0.028401407621084389,0.02791811445933666,0.026836160844854906,0.025421966790101211
2020-05-01,0.010503486550749869,0.022490059446557208,0.022207844530025007,0.022157724202648547,0.021788389473909285,0.021673691538491757
2020-05-04,0.010431411288309671,0.017709003881199288,0.017361525896075636,0.017281577586099148,0.01705750381894423,0.016964229378552555
2020-05-05,0.013151509875235473,0.020456593314332618,0.019713078588319916,0.019237814076945529,0.01857679845842708,0.017949492806586625
2020-05-06,0.015079541388830889,0.015505324436994816,0.015121714835186461,0.015032971444663548,0.014807175411817428,0.014816126536332283
2020-05-07,0.015063966693011448,0.013104610629860035,0.012608142672944562,0.012428406278733786,0.012209199500299762,0.012134181772387507
2020-05-08,0.013314209367181957,0.015766435202801701,0.015118390390605155,0.014771603709229721,0.014347389648667292,0.013988878733165958
2020-05-11,0.01890289408683863,0.012927156610337104,0.012531197200175447,0.012451612466755951,0.0123018735115311,0.012382530827328112
2020-05-12,0.017250265367046658,0.019089770344028111,0.018576476168554582,0.018340537007757906,0.017858020177578881,0.017639397815747776
2020-05-13,0.017048189626966598,0.017259801808054247,0.016796037273318902,0.016621846515132384,0.016242108497953229,0.016142555697231421
2020-05-14,0.016490497787632195,0.013102349214336636,0.012576201979130036,0.012369026118291696,0.012121066561626368,0.012017647647568297
2020-05-15,0.016384435472693592,0.015097974818888169,0.014494229861584598,0.01420005129721599,0.013804276629300168,0.013568424777638937
2020-05-18,0.010880209952634678,0.019133607544726625,0.018174748037795851,0.017502649376328314,0.016726277842175813,0.015859215609676146
2020-05-19,0.011861189232094626,0.013950800474342518,0.013483875231108782,0.013333870434110155,0.013059962506051294,0.013071047057012062
2020-05-20,0.0091987594256432922,0.011620744750160979,0.011010977574141215,0.01073772797469961,0.010462372484119914,0.010321697328429231
2020-05-21,0.008886554710380341,0.017053147587859283,0.016414895203257479,0.016075935583855599,0.015563478013767071,0.015256768503925953
2020-05-22,0.0090280160672481027,0.015152078032994358,0.014510990895144824,0.014182930671047402,0.013742504749352943,0.013479279491497544
2020-05-26,0.0080693594973156278,0.014470094982917146,0.013766967564255009,0.013382994378461641,0.012929176375457581,0.012591673705892745
2020-05-27,0.0075129020516912877,0.013509202225674727,0.012835289031369965,0.01248610889186324,0.012092927292130063,0.0118154689398151
2020-05-28,0.0075594260074057177,0.012110297993795332,0.01159109255181125,0.011405763635530385,0.011153763996723779,0.011158969486580562
2020-05-29,0.01346384798619072,0.012942630317231791,0.012322148130124532,0.01203241445953802,0.011677798708668944,0.011521054615774805
2020-06-01,0.014383708069592126,0.010738096564477738,0.010353405461303625,0.010067247232820896,0.009746076350709048,0.009699247289168102
2020-06-02,0.014300200519628468,0.011075714112704218,0.010648310399578292,0.010343138036522167,0.0099798707835097224,0.0098642421719139332
2020-06-03,0.013259059329402958,0.012201600242432595,0.011688821756413332,0.01135180361253932,0.010895386549702124,0.010644099608617695
2020-06-04,0.029657411920196795,0.011644096553392911,0.011252360388542831,0.010975409423677387,0.010629687882668508,0.010579161645568991
2020-06-05,0.027925311051673958,0.012803640144577218,0.01221324628865739,0.011837853060737239,0.011308319841276889,0.010911163331533602
2020-06-08,0.027716808041034897,0.010807021316171093,0.01039856639344575,0.010096214162617639,0.0097574259426905455,0.009649186504781521
2020-06-09,0.028804731938841577,0.012920695129075493,0.012535021081786914,0.012273915177971311,0.011911966244756354,0.01184862496004634
2020-06-10,0.028756139576538393,0.013907017085957787,0.013401642729878468,0.013095907161232425,0.012608216643728895,0.012398231614345032
2020-06-11,0.011036416152112054,0.028371974540793259,0.027746009820469673,0.027539478710325777,0.026690315976100575,0.026162270336112042
2020-06-12,0.010001328562797195,0.013876546660513375,0.0135780670932431,0.013344025190917267,0.013064562839444519,0.01295432500880328
2020-06-15,0.0095360322905163279,0.013206504041315617,0.012962707156673041,0.012748947013783499,0.012528825808993956,0.012501074329161038
2020-06-16,0.004739242404742783,0.012627957226277318,0.012318931114255164,0.012065421596480495,0.011799225376716278,0.011685898962645321
2020-06-17,0.012350403850059364,0.014055310880358654,0.013806039580569742,0.013607462863696032,0.013360173916668558,0.013364476828093289
2020-06-18,0.013237994929025389,0.013249682532311039,0.013000216803455419,0.01279190996323289,0.012559361647685292,0.012567852445201713
2020-06-19,0.016859402486009874,0.013632693816598143,0.013399498091746315,0.013205931785901272,0.012978763914201283,0.013018467145395783
2020-06-22,0.017850471983449731,0.012165626801496195,0.011935820307870243,0.011722858695633982,0.011528851600556358,0.011561075309660005
2020-06-23,0.018623125846646507,0.011976291296002976,0.011760840830143395,0.01155404872511747,0.011375005342454074,0.011434662465628178
2020-06-24,0.01493414750744217,0.019544426234141158,0.01915832443706194,0.018960308737075944,0.018489052588673064,0.018298380111988193
2020-06-25,0.014363827969825228,0.011918122407997335,0.01171768081734602,0.011511634323832315,0.011351985202452425,0.011397707737280544
2020-06-26,0.011734195158297609,0.018188353719094299,0.017912188324841011,0.017748929968785569,0.01740222028535451,0.017343900653422811
2020-06-29,0.01079855845819812,0.013685048285236943,0.013421394635832758,0.01319829559080408,0.012956384956541098,0.012870225680455198
2020-06-30,0.0097887065260244023,0.012885351876398516,0.012682644641196523,0.012480883626818328,0.012306635638574339,0.012309104454371663
2020-07-01,0.0096224921714203656,0.014063409157022543,0.013604993797529559,0.013335290337476781,0.0131471317492616,0.01310891322799208
2020-07-02,0.010353758564151692,0.013468513865872167,0.013054134399618346,0.012782381188785727,0.012669580750863605,0.012687773133296627
2020-07-06,0.0086827764294442247,0.014349970000178121,0.013775742797363218,0.013493642127650392,0.013151707026529211,0.012998958213382764
2020-07-07,0.009330151784134726,0.016014349845738549,0.015576834870175216,0.015335617144520279,0.015085636703748791,0.015042196841221168
2020-07-08,0.0096005039809242219,0.013339866674831729,0.012879997429928163,0.012599655389960484,0.012430387052918577,0.012416015020769366
2020-07-09,0.0093716505287581454,0.016140914384906575,0.015658701851233643,0.015413194537479488,0.015106661939551798,0.015014045838355902
2020-07-10,0.0082983889398155243,0.010573172706722617,0.0098990953757656132,0.0095455017599807828,0.0091518790834017819,0.0090868915825886888
2020-07-13,0.0081667365284696387,0.01203820400869578,0.011460229582927865,0.01113952220849667,0.010800785840417883,0.010804150906813657
2020-07-14,0.0058687371855975189,0.0089949911816670745,0.0083867692469371778,0.0080209939403690401,0.0077697341456578672,0.0077995443925088269
2020-07-15,0.0049150552233208789,0.011271680170022213,0.010555242055707828,0.010205010841093182,0.009730006464669632,0.0096135245367006267
2020-07-16,0.0071272655015109619,0.010474431161979733,0.0099051779130003188,0.0095640638428642743,0.0092920387797369129,0.009342761004748134
2020-07-17,0.0075809679362517221,0.0096125469886261701,0.0090318590511459049,0.0086775484421270938,0.008426406913017357,0.0084824174168995625
2020-07-20,0.0074210136260550912,0.011177041368694567,0.010470565495400104,0.010120313157311602,0.009659575841354285,0.0095566893427840149
2020-07-21,0.0078907772459410417,0.01103914711102523,0.01038936484962737,0.010044879841050543,0.0096552256270712629,0.0096139241668331613
2020-07-22,0.0092576250258321752,0.0098497691874038368,0.0092286653986691294,0.0088720015857281787,0.0085632038413503697,0.0085745590600324068
2020-07-23,0.0077098336193246143,0.012694392715323391,0.012011490918367987,0.011683339087229391,0.011170217475263549,0.011088203855920022
2020-07-24,0.0079676585658551482,0.010585527075464563,0.0099609755071090184,0.0096122636416112895,0.009251486891699837,0.0092702195501728618
2020-07-27,0.0079072347226953523,0.0083066062393755344,0.0075705304293465468,0.0071737448506507574,0.0067466078427360979,0.0067322601631206302
2020-07-28,0.0075763274723546336,0.011095605511872591,0.010333946500126173,0.0099712594919416468,0.0094019013550140657,0.0093084719507561739
2020-07-29,0.0059316688470966881,0.0077924878048814157,0.0070305603170180255,0.0066231610002789581,0.0061842420322984724,0.0061562977002189226
2020-07-30,0.0064426002962263513,0.0099539031791449767,0.0092252316877791812,0.0088515934122900645,0.0083662243109995909,0.0083289312671399
2020-07-31,0.0054054715191791062,0.0087581745806442415,0.0079923364451804889,0.0075975833482236198,0.0071172801181624869,0.0070641938925387797
2020-08-03,0.0046261432026118952,0.0089044923523103892,0.0080769006344138562,0.0077151232895122084,0.0071993224418949358,0.0070752617077653171
2020-08-04,0.0056719001392232351,0.0077657524707288803,0.0070235672482601456,0.0066619541411818738,0.0062598584706284963,0.0062163445191725612
2020-08-05,0.0079275063584686809,0.0086972977467170837,0.0078538017546347823,0.0074856257786329698,0.0069511175502635705,0.0068297606849020255
2020-08-06,0.0073907148248383032,0.0072453812464094922,0.006485708376388055,0.0061179913874631515,0.0057118682520365793,0.00567797509110803
2020-08-07,0.0073837508084334119,0.010343699346838155,0.0094269842232835681,0.0090567436190895894,0.0083874420620888099,0.0081815804067193864
2020-08-10,0.0073993385280794171,0.0074186266776192509,0.0066453937652267174,0.0062726210333596067,0.0058349375980750427,0.0057937916424087663
2020-08-11,0.0064761003479919749,0.012046710941397721,0.01109437154399397,0.010725958299212567,0.0099558009298835928,0.0096822732747086221
2020-08-12,0.0026607994194574724,0.0086211944273114696,0.0076455179351074404,0.0072594119069162716,0.0065880027336104796,0.0064087398474514546
2020-08-13,0.0028910423334118107,0.0096949809989712588,0.0088459918240286206,0.0084786948318961303,0.0078951712406666805,0.0077435578973985286
2020-08-14,0.0032963143773648879,0.0064438268616280794,0.0058059827021933437,0.0054452808303526185,0.0051807492663274845,0.0052330767648770433
2020-08-17,0.0054022635299296158,0.0076440938245960245,0.0068688486906517462,0.0064984896676581819,0.0060553054525619085,0.0060045104905974232
2020-08-18,0.0055401703724601726,0.008016965718212133,0.0072283360656278123,0.0068584100262442278,0.0063893853393041091,0.006320405570857209
2020-08-19,0.0068639931939456717,0.0099228659013769205,0.0090868141337678496,0.0087218885461356269,0.0081429352890559827,0.007990581000426775
2020-08-20,0.0067923153177225385,0.0075618631693362493,0.0067431023384764786,0.0063631190143310038,0.0058673350101080962,0.0058029190834684762
2020-08-21,0.0072055305296858697,0.0074233083055374616,0.0065831757674993966,0.006197887792565044,0.0056793661514761224,0.0056114366136836499
2020-08-24,0.0058500663934454421,0.0064338874865944497,0.0055886374606910717,0.0051987355914837061,0.004711223768326658,0.0046709637464283065
2020-08-25,0.0070256558498429898,0.007465120273296052,0.0066028562743081593,0.0062136152882095617,0.0056669442017607515,0.0055889044679023779
2020-08-26,0.0084083605420561727,0.0076078008421499067,0.0066370104700192696,0.0062356392108876887,0.0055739110070953035,0.0054402218381859723
2020-08-27,0.017749352443437096,0.0081661042088198334,0.0072411649219917482,0.0068460275028041561,0.0062064213046463881,0.0060789187456474041
2020-08-28,0.017893813293813021,0.0063498702002892371,0.0054953849183882958,0.0050983685872791748,0.0045888885247470541,0.0045528587300318977
2020-08-31,0.021703603706718717,0.0088512821655406422,0.0079632293663871,0.0075763577590572534,0.0069522378346001251,0.0068201005299870342
2020-09-01,0.023020589612328186,0.0059084203639244697,0.0057016917771788083,0.0052619959768598467,0.0047914982749695193,0.0046784817469149084
2020-09-02,0.023453525592421962,0.0082257813232892683,0.0078514367750601288,0.0073989750950039426,0.0066975196388925819,0.0063771403604405367
2020-09-03,0.017459288390050683,0.016448880091736662,0.016082806287060037,0.015763225627239648,0.015222650531908931,0.014866144198101835
2020-09-04,0.018045221112673371,0.012207413575087603,0.011958656494132389,0.011615479635778317,0.011178596301285542,0.010934094507666048
2020-09-08,0.013312294799666143,0.018373692987383228,0.017927457046923601,0.017620633135746012,0.016977040481530516,0.016485573321304462
2020-09-09,0.010193201576424497,0.0092017311878756173,0.0090894965433717702,0.008754275925792537,0.0084668175060999881,0.0083165496023261832
2020-09-10,0.0076253536962571557,0.013055018477624043,0.01294831515834954,0.012667514414721425,0.012468294693306996,0.012347099819583353
2020-09-11,0.0092147134484429384,0.010287047249952835,0.010245574465725379,0.0099455788947634648,0.0097961543844674644,0.0097372784365889632
2020-09-14,0.0087016074451074874,0.01043456076686889,0.010313018193653071,0.0099944577175994018,0.0097141473525745436,0.009546992776203975
2020-09-15,0.0095484556898137399,0.010562216483853313,0.010489105741129044,0.010185723843234384,0.0099878507017477792,0.0098822934255676734
2020-09-16,0.014075614870098348,0.014334232378334123,0.01406558283122496,0.013759083733399929,0.013317244382222541,0.012991203835954809
2020-09-17,0.013562133296469693,0.01316835815412723,0.013019418747658267,0.01273075788659591,0.012461465494447342,0.012275717390192453
2020-09-18,0.014441507815563843,0.012185391740779202,0.012133480528060004,0.011859262403403348,0.011728427159953163,0.011653496760224012
2020-09-21,0.015420031232018737,0.014663241166072951,0.01444532389245399,0.014159255204083504,0.013805523603517261,0.013535342288785696
2020-09-22,0.014940115362952557,0.010571031081595451,0.010486721090645738,0.010182534765471235,0.0099637303282972493,0.0098326259939534016
2020-09-23,0.01115819205609528,0.015376579878231603,0.015232935265734895,0.014980243371528206,0.014759910060098826,0.014571320768804966
2020-09-24,0.011457704460068085,0.010463562929728032,0.010463881251904627,0.01018378815879189,0.010099676992742456,0.010063166184415134
2020-09-25,0.0099014447282235359,0.011088466167976888,0.010983309530549146,0.010685195584693257,0.01043687226478934,0.010257424995753498
2020-09-28,0.01027439969110977,0.010297144818743709,0.010267606055032059,0.0099818182739794762,0.0098391545082510534,0.00973843396504891
2020-09-29,0.011857553831296665,0.014012474524102963,0.013880305166464161,0.013616182276357627,0.013381740889459509,0.013178007869815333
2020-09-30,0.013738661281774292,0.011776854993107835,0.011704785522453983,0.011426913707326842,0.011245277591136898,0.01110278961508975
2020-10-01,0.014004703293897707,0.014065814094548388,0.013362219019032964,0.013001345803861475,0.012563682592904083,0.012288935598500019
2020-10-02,0.013918999909512975,0.016207091709660972,0.015344862260570529,0.014958275622967285,0.014351293534665297,0.013975677580037224
2020-10-05,0.013523428059959687,0.015023897584888066,0.013935404585724068,0.0134975158924476,0.012695987475491197,0.012237098531807196
2020-10-06,0.012266022307559145,0.013767163239130447,0.013202655355132558,0.012836790773336442,0.012485842576041671,0.012296165902051955
2020-10-07,0.0099418797927185547,0.010395936223096761,0.0097236504885140438,0.0092942418988868937,0.0088422814717795083,0.0086702204003444062
2020-10-08,0.0091419516291809961,0.0098721444543838268,0.0093344671726495881,0.0089175398885038577,0.0085764114344070216,0.0084794854475619078
2020-10-09,0.0082364688520532008,0.011091017829118985,0.010424467675673859,0.009998954237608321,0.0095449560787045137,0.0093653203454965098
2020-10-12,0.0079901015871538146,0.011952438887372789,0.011096732354232152,0.01064734532414034,0.01002713602264884,0.0097440657215876851
2020-10-13,0.0076461651627252585,0.012599975553619389,0.012018469560610746,0.01163080000404923,0.011258100417785952,0.011085874569427577
2020-10-14,0.0071579668461331063,0.012382579990151139,0.01182723560290005,0.011442664805382745,0.011094224642513379,0.010937630429575834
2020-10-15,0.0075442038914744361,0.010393052060307379,0.009966769692997755,0.0095801372238587205,0.0093425135107743848,0.0092844084504217911
2020-10-16,0.0076902498090922582,0.0093523148195783119,0.0090003087633344983,0.0086106867082060418,0.0084327823342281606,0.0084311272479451298
2020-10-19,0.0090433477753437685,0.011982517469973997,0.011578968681136484,0.011214727624515185,0.010996665645705729,0.010918814829379144
2020-10-20,0.0089983895737018298,0.010322820471348578,0.009805921455162514,0.0093983410563938698,0.0090759224727015048,0.0089797403343197663
2020-10-21,0.017948134686475006,0.011994951995132768,0.01125229495639486,0.010804626661156972,0.01025816419582495,0.010037369262892568
2020-10-22,0.018346725256524928,0.010492302177842854,0.0098091325491699161,0.009354685412997877,0.0088606838744529296,0.0086958768516276885
2020-10-23,0.018875073161253388,0.010376337006335341,0.0097004548954473871,0.0092409486874526128,0.0087466317140020827,0.0085903087384130439
2020-10-26,0.017650218155589387,0.013464032957386216,0.012811882871469293,0.012400052244728427,0.011936308389137389,0.011727664639051493
2020-10-27,0.019245946932604389,0.011800394844879228,0.011103390950615383,0.010662153130443535,0.010156492969092736,0.0099601087286118606
2020-10-28,0.015041179348606682,0.017335695817663956,0.016696642428336333,0.016362691805822289,0.015950933631154424,0.015656742417709552
2020-10-29,0.01674507212516942,0.012966374349687268,0.012158508700377881,0.011740761675932085,0.011177576797504647,0.010890617966215363
2020-10-30,0.016076187338278473,0.012503531344726775,0.012057373747246978,0.011703404062268278,0.011463754973225899,0.011349473031272818
2020-11-02,0.016272149147921661,0.011535291802057458,0.010627756435505937,0.010389197936282738,0.0099368368072341746,0.0096889888240062703
2020-11-03,0.014281165354045338,0.010741537979858353,0.0098605591382513319,0.0096079605596318656,0.0091732355058110875,0.0089518764013831707
2020-11-04,0.010825595516819851,0.012373143197558898,0.011321692471327777,0.011037684941377331,0.010386955117635037,0.010034522487036028
2020-11-05,0.0078477988148081025,0.011893040291667559,0.010959061225629245,0.010701424119219902,0.010202356099917024,0.0099182458024644551
2020-11-06,0.0099693452286294549,0.012432999661767032,0.011652527888030567,0.011471521752738658,0.011206388147476159,0.010999426097483231
2020-11-09,0.0099488958166285037,0.020027759602827523,0.018395933603142765,0.018074135902846407,0.016746193584593696,0.015920154015288839
2020-11-10,0.010215976977940931,0.014656066694713374,0.013663229101270965,0.013458843497733868,0.012938541763746009,0.012573631173695681
2020-11-11,0.01107848365183919,0.01085954753233984,0.01011750231664436,0.0099157266382117869,0.0096766855035239855,0.0095247604739022284
2020-11-12,0.010356499311011449,0.013769978776417606,0.01296440320816547,0.012808792307410149,0.012536680787046638,0.012291097397642831
2020-11-13,0.0088819736633083402,0.0126364090278526,0.011702113859138117,0.011462029808458224,0.010976902830222788,0.010677317464863355
2020-11-16,0.0074333235185471127,0.011071042689882828,0.01026447555742915,0.010040736104829322,0.0097116934805008374,0.0095181688256817769
2020-11-17,0.010027188187542902,0.010913206489764864,0.010324889006087542,0.01018196751028427,0.010162015214609008,0.010092171662610097
2020-11-18,0.0084675359038357371,0.013130620056061809,0.012439837844726975,0.012307802702593624,0.012182290237837885,0.012008504208125033
2020-11-19,0.0083496108550922144,0.0097787199706396623,0.0092170984313388864,0.0090506972628736446,0.0090407137781128057,0.0090033008116620055
2020-11-20,0.0080131622246068929,0.011978226026350795,0.011345327937747325,0.011205075575719065,0.011137077386940218,0.011016273526557296
2020-11-23,0.0089852230304648065,0.01213711342804169,0.011287751359003765,0.011077094723299425,0.010711424316896721,0.010475904523424666
2020-11-24,0.0055236708415344902,0.013713039288819107,0.012628727050515685,0.0123616097678625,0.011687784726905071,0.011287795174233888
2020-11-25,0.0054817502325484723,0.010462824556365435,0.0096097837889035208,0.0093992845533921541,0.0090336877546655717,0.008864756269609227
2020-11-27,0.0065748296415661387,0.010010009912669619,0.0091473422346489888,0.0089221832128284356,0.0085339020964425825,0.0083688444745815705
2020-11-30,0.0063353963748447751,0.011126435940868915,0.010209216278652306,0.0099966847073574491,0.0095585833192278098,0.0093464020068005568
2020-12-01,0.0042635678911329975,0.011431228851436128,0.010004285713047822,0.0097789134344407856,0.0091225435502994175,0.0087629800416110706
2020-12-02,0.0057904223367010628,0.0097593602805323646,0.0085593390629235856,0.0083726616760633286,0.0079400435377786471,0.007793842273101279
2020-12-03,0.0057909858591261021,0.0086958676850848009,0.0075367619577780117,0.0073584168958195344,0.0069706069786921801,0.0069021514391465651
2020-12-04,0.0043686393807049221,0.010213391304214028,0.0087324388198991628,0.0085003555093528891,0.0077960398626213271,0.0074789447347630225
2020-12-07,0.0047186354862729782,0.0098999364174040313,0.0085943405110108471,0.0083897438313320135,0.0078451241462051177,0.007660423608448921
2020-12-08,0.0075248829775457233,0.008262552913785845,0.0070024844311151607,0.0068090878763334903,0.0063294088767997195,0.0062248053371228304
2020-12-09,0.0063938772026763237,0.010342160108739538,0.0090935418949322777,0.0088963460177887178,0.0083941944321360533,0.0082394314533137288
2020-12-10,0.0068614383208774159,0.010296443832361182,0.0089255354505682911,0.0087098541665273296,0.008100243570147634,0.0078611067977885016
2020-12-11,0.0070714547131682055,0.0082189366231577559,0.0070043060006069269,0.0068177738986047003,0.0063771391181515879,0.0063099799227661364
2020-12-14,0.0069673986022403154,0.0089887399876122688,0.0077114904139210351,0.0075128929076213637,0.00699941096651693,0.0068797868520298474
2020-12-15,0.0036121418977878416,0.0083136792153775327,0.0068625314566475599,0.0066395918365420971,0.0059863973711218269,0.0057553829933698775
2020-12-16,0.0035660705088947585,0.007840711616515967,0.0065767628377462369,0.0063833622522730645,0.0059009058789581091,0.0058196847405569321
2020-12-17,0.0030843611499553184,0.0075811538861401667,0.006221955969610774,0.0060142064570286374,0.0054454934227038286,0.0053193881046279274
2020-12-18,0.0045767810972847968,0.0096671457800708085,0.0082650641115784053,0.0080450425562649218,0.007403605951063966,0.0071941177249368977
2020-12-21,0.0043715378009352851,0.0099821522082998385,0.0085290450587414673,0.0083002243910920495,0.0076065431087898629,0.0073577120038959519
2020-12-22,0.0043529138630692497,0.0098105075592633054,0.0083446507714430018,0.0081143608375541937,0.007412239514715477,0.0071589270538556177
2020-12-23,0.0048911873207635416,0.0092815355929625233,0.0077363394544756794,0.0074945942244850836,0.006721797945901763,0.0064487983268471591
2020-12-24,0.007647780453907781,0.0070110028529538262,0.0056266134176136875,0.0054156516210281305,0.0048236366728123519,0.0047197312958669121
2020-12-28,0.0072990328908608803,0.0076894665306301239,0.0062049798698767611,0.0059771736713993837,0.0052881273902489982,0.0050899753290660418
2020-12-29,0.0077235180905492464,0.0097828000753538476,0.0082449454667426116,0.0080030348205752909,0.0072294645942016416,0.00694616761040928
2020-12-30,0.01013636433161858,0.0073337893281679653,0.0059241572439424168,0.0057081523726663372,0.0050849572691520168,0.0049634389828899193
2020-12-31,0.010201239921643443,0.0066498392914057982,0.0052583303048842527,0.0050470756968469602,0.0044525197760821832,0.0043583035739548021
2021-01-04,0.0086967716520254101,0.013424482870920275,0.01152816758951533,0.011575717352335771,0.010716895581873956,0.010150654928427571
2021-01-05,0.0081375824821212969,0.011415634538274816,0.0094417331350613795,0.0094327817103184788,0.0085187627091790966,0.0079191538914582717
2021-01-06,0.0077820772781637048,0.012431525914535706,0.010384299306337099,0.010358663876021737,0.0093853183776428858,0.0086930327308194031
2021-01-07,0.0044184665273606823,0.0090284299833936661,0.0072606823286577955,0.0072772732682882127,0.0065323620309093297,0.0061411772413559346
2021-01-08,0.0048765122634462929,0.01262658065442758,0.010598731071706504,0.010574743142288,0.0096170287805664462,0.0089261710183154118
2021-01-11,0.0051832850134746911,0.0090621149964160777,0.0075432809274302553,0.0076612234624659952,0.0071090416096303653,0.0069607221723172246
2021-01-12,0.0080397029700696575,0.0091570343393332452,0.0075415152194284654,0.0076234352155155104,0.0069958744197478181,0.0067540316150707198
2021-01-13,0.0079596481438775329,0.0085520070756243093,0.0069451117115103683,0.0070260956056896456,0.0064062964238086641,0.006190531096534356
2021-01-14,0.0079629551783605406,0.0099737127032283775,0.0082679018397701261,0.0083416498648806962,0.0076398360633590243,0.0073206568015385005
2021-01-15,0.007469504013066351,0.01099409392958816,0.0092709628409329246,0.0093447458576795088,0.0086277446515890012,0.0082612205550520231
2021-01-19,0.0066367620135783581,0.007778579681489128,0.0061765912465514376,0.0062493400350066989,0.0056353032685505077,0.0054398184139949294
2021-01-20,0.011345566233272267,0.0081895048798278185,0.0065233371701964981,0.006564780798138126,0.0059013484730217171,0.0056182196146674027
2021-01-21,0.011967541160972832,0.0082169593228896276,0.0066939028916964899,0.0067950136450020768,0.006242205668011952,0.0061005476276391989
2021-01-22,0.014916381072440397,0.0096925997532001755,0.0080948618906605818,0.0081859862365462974,0.007571486729994286,0.0073284376508964359
2021-01-25,0.016550091848843498,0.0076384737931331059,0.0061389427659822877,0.0062391468902215684,0.0057063844313438817,0.0055949849568751788
2021-01-26,0.017687508209197057,0.0082386333874483863,0.006755007570164822,0.0068690610415067591,0.0063471647727466312,0.0062384899982471029
2021-01-27,0.013802792658285564,0.014023938330590608,0.012493086859511686,0.012619207255840021,0.012051806409570327,0.011710930794592083
2021-01-28,0.014191350033237977,0.0086198473135176128,0.0071957142960911834,0.007282141276608858,0.0068125744204701206,0.0066664101543292571
2021-01-29,0.011076547911497134,0.012904453015418486,0.011551492593115206,0.011697946869313023,0.011275880630272806,0.011074104177431434
2021-02-01,0.0088623180496385113,0.0098084619756112473,0.0083712725312097679,0.0082993091970057845,0.0078520024922760119,0.0075668785928596251
2021-02-02,0.0062609105907382888,0.010740782245319196,0.0092220905670190104,0.0091576103571015602,0.0086595262101631463,0.0082937069151023182
2021-02-03,0.0062540611096596234,0.010659775386208268,0.0093109203020828018,0.0092957725718035358,0.0089125962779333413,0.0087138339417077767
2021-02-04,0.0037537517776514789,0.011503215635852092,0.0099518862702296183,0.0098954748908800048,0.0093777753605075436,0.0089674103223145608
2021-02-05,0.0039825649036411993,0.0099717950193344285,0.0086281003709756006,0.0086036548838533625,0.0082224452086461803,0.0080476811131881439
2021-02-08,0.0023778511824452419,0.01013905698733222,0.008740520800034882,0.0087035153237353946,0.0082856745900404226,0.0080546925660408449
2021-02-09,0.002361341651706613,0.0093025746680206085,0.0080753436670901544,0.0080696969524732924,0.0077651723814712147,0.0077143259823582002
2021-02-10,0.0030292753810401492,0.009520766565697468,0.008267903661394977,0.0082609169909193553,0.0079399068009901649,0.0078622047383981979
2021-02-11,0.0030463760005572274,0.010140415747838574,0.0087947381737058777,0.0087788630479673987,0.0083975901511309011,0.0082254367622731413
2021-02-12,0.0040432939402048817,0.011095823920162541,0.0096011120725255864,0.0095710773775784311,0.0090930539290405236,0.0087713703723533258
2021-02-16,0.004061116209937622,0.011123125027666173,0.0096755200906562984,0.0096675053988157286,0.009222515399237052,0.008956463104473027
2021-02-17,0.0063641521430907637,0.010320619710110883,0.0089351321475104103,0.0089250813426647434,0.0085192990654654674,0.0083245122219045009
2021-02-18,0.012483884398707361,0.010244774009176647,0.0088861161372625931,0.0088939370934820496,0.0085077078812878203,0.0083566912348284061
2021-02-19,0.012671249606235894,0.011891445443210505,0.010327116644983076,0.010322102677589972,0.009803299230896647,0.0094390393391758174
2021-02-22,0.016228662095349369,0.016317490962526413,0.014372967559708644,0.014379901536567567,0.013621036652977331,0.012844079242905933
2021-02-23,0.016593611108312225,0.0096171826659336573,0.0082707800130544743,0.0082592936719081359,0.0078781534021966221,0.0077378843474726752
2021-02-24,0.01693778671760502,0.010754687588659908,0.0091934731670879517,0.0091426610693012746,0.0086194280745367918,0.0082488544667327617
2021-02-25,0.014103764081380418,0.01413248677111221,0.012656087031799962,0.012728633245351558,0.012276634481211371,0.011958538146377633
2021-02-26,0.016125731846543385,0.014906198999275987,0.013093253380352207,0.013093412272216436,0.012417264321611823,0.011773398247833852
2021-03-01,0.012259199222911937,0.012414573912290443,0.010740676460509368,0.01052957489720566,0.0098616266326451343,0.009098728528447524
2021-03-02,0.013349515927132618,0.010872601015293675,0.0099237120008732627,0.0097150348708543617,0.0094960560339928408,0.0092584582803315781
2021-03-03,0.012261717638241671,0.014085581153006788,0.012820000596408993,0.012604465303898766,0.012250791953166406,0.01172801957911943
2021-03-04,0.011819166374119124,0.016705823609643622,0.015128773559461836,0.014910088368572494,0.014404846311973311,0.013607567044325405
2021-03-05,0.0085786871440157123,0.0094930401219193439,0.0083801955392301501,0.0081810973849571443,0.0078029847888960776,0.0074691384835006815
2021-03-08,0.0086996028637625743,0.013033469620264077,0.011868124386088067,0.011661729423972466,0.011332223283491457,0.010883343791404376
2021-03-09,0.0059838875354701615,0.011314078289967253,0.010080817484760781,0.0098805862502740708,0.0094584855185955146,0.0089959826210620139
2021-03-10,0.0055157039505663707,0.009954733315072968,0.0090513576581163803,0.0088553309474919753,0.0086175178178997617,0.0084044837148884773
2021-03-11,0.0072823019945066928,0.011492668116056943,0.010347555210290103,0.010149578674706578,0.0097837701911897418,0.0093701469526901414
2021-03-12,0.0073045010779313139,0.012172913448207732,0.011093111484754732,0.010893889282107737,0.010587298310067475,0.010202011217473141
2021-03-15,0.0076769271738743126,0.0091363185341365848,0.0083744615400322218,0.0081822599669459511,0.008014020291276628,0.0079094764531115729
2021-03-16,0.0084323774555582001,0.010619260243699732,0.0097913767831073473,0.0095960468754066938,0.0094189857924518033,0.0092367529678536921
2021-03-17,0.0086012871442645768,0.0092809633935478884,0.0085476695044998281,0.0083553966325092023,0.0082090400459862555,0.0081199329958371608
2021-03-18,0.0061084444974088903,0.017936270442840303,0.016447474548310408,0.016239431556170088,0.015788408039164835,0.014990159480783688
2021-03-19,0.0093670302471044967,0.01280707889566414,0.011761843630403189,0.011565167136931344,0.011286753574385494,0.010900918298709764
2021-03-22,0.008668428908542903,0.010404916933545385,0.0094970994619293977,0.0093054002481029394,0.0090618211634212117,0.0088225919861819897
2021-03-23,0.0080040438019283906,0.016582996679389506,0.015167949185465046,0.014963814847667897,0.014527146118087971,0.01380626906742826
2021-03-24,0.0078830565244950197,0.017125569839786081,0.015565365075842042,0.015358282784868844,0.014842310413764832,0.014015927386687469
2021-03-25,0.008883885149542612,0.013369906079731611,0.011944453239481838,0.011735010682299919,0.011246020664653134,0.010620087271747899
2021-03-26,0.0082721156580186101,0.010958063149123957,0.0097116234466429387,0.0095103768139818707,0.0090755517970420047,0.0086165247743258972
2021-03-29,0.0082732472037294232,0.011129880603148221,0.0099979679378509774,0.0097871277470587149,0.0094563533786059233,0.0090936511623845827
2021-03-30,0.008203835314204818,0.011470388983917466,0.010310152263303446,0.010097213939341565,0.0097591640553185612,0.0093731822185301374
2021-03-31,0.0082773954448596108,0.010546479055143349,0.009312505998362022,0.0090965886015137252,0.0087000333829248752,0.0082972763587238121
2021-04-01,0.0074789926382933586,0.0085751098187213104,0.0070449366192320978,0.0068281713736306621,0.0065180075646198727,0.0062626741051330804
2021-04-05,0.0039170553384447219,0.0084445552491580339,0.0096923143060526854,0.0094022537616375024,0.0089008516494965637,0.0082411736024701789
2021-04-06,0.0041261520649217408,0.0088412963598370614,0.007234596572602444,0.0070139452984535975,0.0067995876680926985,0.0066346867770022463
2021-04-07,0.0043701453350994566,0.0086448373037928579,0.0078060629167904377,0.0075598352208278846,0.0072748766019450741,0.0069818771728883192
2021-04-08,0.0061195167389338492,0.008438506826327935,0.0066865392979907649,0.006461313581734145,0.0061898995699852435,0.0059858550922167655
2021-04-09,0.0054018739090034417,0.0082853732967417409,0.0065171909556361466,0.0062899075577717584,0.0059915820977571466,0.0057648246731528442
2021-04-12,0.005831360108736648,0.0085773178188505786,0.0068940882968238412,0.0066662298189566717,0.0064290588245777928,0.0062493539346428839
2021-04-13,0.0065615163556988279,0.0084444718482627589,0.0066127374435808592,0.0063872494281476079,0.0061318456671372217,0.0059484192135582682
2021-04-14,0.0076453045247111022,0.0089180686241142042,0.010638362057001041,0.01032899792604268,0.009947831092558623,0.0093535473972596976
2021-04-15,0.0072423337547241427,0.0082340980876564451,0.0061217451119327075,0.0059065114312059578,0.0056025105066735935,0.0054002562651359488
2021-04-16,0.0085722485646668508,0.0080882108768327819,0.0060009854217071964,0.0057684433986287731,0.0054965953026279938,0.0053185970427197414
2021-04-19,0.0083368006846346772,0.0085343186025745275,0.0072477776288973504,0.0069999816288651541,0.0067692820995003018,0.0065605351071507372
2021-04-20,0.0076623231067829483,0.00882553052101538,0.0089828224100166314,0.008705153926405345,0.0084302486930152749,0.0080611218721069258
2021-04-21,0.0064023365409905594,0.0080262032705489175,0.0082233185314138126,0.0079370138937165883,0.0074918459893293151,0.0069679480989160939
2021-04-22,0.0056766895572730076,0.0088743656574943042,0.008199240027590227,0.0079427900368616473,0.0077307548454068559,0.0074876184511610561
2021-04-23,0.004202016346313067,0.0080911377660377315,0.0067223219734048054,0.0064818901479380166,0.006123177786326311,0.00580890132759577
2021-04-26,0.0042089288557637687,0.0081649492511720843,0.006167926516952223,0.0059342621928120277,0.0056711632876523168,0.0054934090782375565
2021-04-27,0.0050363299204220424,0.0083180065575999516,0.0075016911143842638,0.0072397062618842437,0.0069355622421931329,0.0066218546733637935
2021-04-28,0.0050366309608142245,0.0082388397087785597,0.0064468405346244069,0.006207269113492132,0.0059530418302708166,0.0057656985648184616
2021-04-29,0.0054726553170550852,0.0080078510787672929,0.0067041793840193651,0.0064521816054508418,0.0061103748958903793,0.0058043188939454118
2021-04-30,0.0056369983694787755,0.0086283186071648872,0.0085876189493565656,0.0083083391156490681,0.0080241873721293849,0.0076628279209852842
2021-05-03,0.0071172202204789776,0.0078969172992115512,0.0069038377928789738,0.0065292296457931413,0.0062389827972424089,0.0059058356024911281
2021-05-04,0.0076856615626148444,0.0089132075794115979,0.0092513262880533267,0.0088661566720151068,0.0085508695505776763,0.0080561038372121072
2021-05-05,0.012299462782690724,0.0079970674350619258,0.0070360595236189814,0.0066765422996837463,0.0064006768254555452,0.0060943654970255804
2021-05-06,0.012928308459208525,0.007641531816540096,0.0062767968163741422,0.0058993149988363887,0.0056111995724401099,0.005308074170901669
2021-05-07,0.014250185986581145,0.007626431424254428,0.0062169425807872556,0.005845296065673816,0.0055632587322970613,0.0052770209177299653
2021-05-10,0.013585246820912682,0.0092224250950917828,0.0097448726361259209,0.0093894529131998885,0.0091013883191693682,0.0086458674041045187
2021-05-11,0.013544756840406989,0.0086794018356027222,0.0082458203250030965,0.0079385801096860005,0.0077079462866463874,0.0074505902565392993
2021-05-12,0.0096235020080909332,0.010525580375685135,0.012235343770938953,0.0119381587199466,0.011694738171495904,0.011226741705451036
2021-05-13,0.0093270632798037757,0.0091633615888161539,0.0095937685046318458,0.0091802838851617243,0.0088408959860564809,0.0082606523644684279
2021-05-14,0.0063784864256740455,0.0081127508619374365,0.0067124235870400957,0.0063856909519478871,0.006151137574078285,0.0059383463169690055
2021-05-17,0.0077434677441590863,0.0091385253890005052,0.0089067224591029524,0.0086192590890751403,0.0084085950089321463,0.0081575104195684821
2021-05-18,0.0067803548162347843,0.0095347397219771226,0.0097503421016136085,0.0094764075005929361,0.0092735766035836591,0.0090041561224789568
2021-05-19,0.0067365531011403905,0.0094752466646523675,0.0098521586478323969,0.0095311815331439991,0.0092812518404579193,0.0088980123482785192
2021-05-20,0.0047472855907135063,0.0090051407051030975,0.0089686251090770261,0.0085986785320773338,0.0083069973526356915,0.0078630994609519521
2021-05-21,0.0048001278097632109,0.0094211245118707779,0.009838164914437026,0.0094990563930001,0.0092310220762186791,0.0088070540150558558
2021-05-24,0.0016192563286272781,0.0086583552688903817,0.0080582218133842618,0.0077161386497494114,0.0074574403860119846,0.007130733112511117
2021-05-25,0.0014590927408867531,0.0090465187237724724,0.0087155090933054534,0.0084273686942018169,0.0082170100470326003,0.0079755837139039876
2021-05-26,0.0020268136192576874,0.0087839539647725055,0.0081450205402999916,0.0078489949645695507,0.0076346823884709605,0.0074085443339058739
2021-05-27,0.0045421317462336968,0.0086802289048879475,0.0078690560678887009,0.0075855105056549643,0.0073848988323023798,0.0072035571756359227
2021-05-28,0.0044923050152685939,0.0083811018252263596,0.0071622690806895867,0.0068873297790673473,0.0066994237035719285,0.0065792007274497744
2021-06-01,0.0044760108796519892,0.009286462882609944,0.009494388756348341,0.0092719868358364724,0.0090236912126317025,0.0086011546574706003
2021-06-02,0.0044706438861885399,0.0081652392409029707,0.0073834557258781438,0.0072455686708116137,0.0070155484830788008,0.0068289499975085072
2021-06-03,0.0046392317446042755,0.0087282114539265852,0.0084938459996288448,0.0083398314816425581,0.0081147937552304046,0.0078604472963890171
2021-06-04,0.0023430115857690781,0.0079315996259607894,0.0068500533012736684,0.0066897432735584872,0.0064415960245945997,0.0062275077405906688
2021-06-07,0.0025103053054364292,0.0086002653626308587,0.0082265130639295279,0.0080623765521616441,0.007829053739257302,0.0075631634441793282
2021-06-08,0.0026394199461728532,0.0084470209795214739,0.0079436491182633198,0.0077711789909907375,0.0075306727621095573,0.0072573169818704406
2021-06-09,0.003576518860583452,0.0081752410090987545,0.0074736639991063126,0.0073249845795617706,0.0070915104746216515,0.006880604096764816
2021-06-10,0.0029175989882863425,0.0074289316260381473,0.0061103097806308833,0.0059020517991669559,0.0056245521341402455,0.0053390789357605824
2021-06-11,0.0066979337894184842,0.0076505642972502421,0.0065830438301009353,0.0063526860960018364,0.0060702044341166324,0.0057256252500050425
2021-06-14,0.0091799651568731083,0.0072430121532264004,0.0058680386303747714,0.0056273575448708493,0.0053324827296383119,0.0049904169969300517
2021-06-15,0.0094490107598691284,0.0076465191044688477,0.00667070085182149,0.0064173517093521646,0.0061256592156516904,0.0057326172758147189
2021-06-16,0.0091271037761047197,0.0074910163716378235,0.0064428380502814016,0.0062155150555901467,0.0059349284863598846,0.0056010084081820916
2021-06-17,0.0094994704997185229,0.0087888036985629605,0.0087980047963834712,0.0084090859917987787,0.0080738209674206893,0.0073427905068687814
2021-06-18,0.0074739101095264134,0.0092445173906877086,0.0097781005121017894,0.0094611557634390192,0.0091737776793306657,0.0085544054880710759
2021-06-21,0.0040324351020383613,0.0080997700276355025,0.0072569828796889696,0.0069078811829651806,0.0065721864093887493,0.0059697174091814477
2021-06-22,0.0032607327402596649,0.0072303732604000089,0.0057641567370939591,0.0055417470374743514,0.0052537589295353392,0.0049513044656282514
2021-06-23,0.003237750053922015,0.0072288856253610286,0.0058430671528618043,0.0056628651999992138,0.005397578639033747,0.005176561899174933
2021-06-24,0.0031020007822178159,0.0072322244614877081,0.0057556884275820992,0.0055337547358945052,0.0052457617259626405,0.0049445174753294623
2021-06-25,0.0043248240897022531,0.0074869382134774981,0.0062572256263811249,0.0060280358396284164,0.0057422973259424592,0.0054105085899122437
2021-06-28,0.0043078864349812753,0.00796649792536217,0.0071687574579405626,0.0069041996439469762,0.0066112312184357924,0.0061798073605245415
2021-06-29,0.0045813791773046718,0.0074954345533370555,0.0063108359956196933,0.0061000005154992678,0.0058243734881461198,0.005527379246251676
2021-06-30,0.0058510136828580734,0.0072648330993388905,0.0058778448714410488,0.0056868807629998465,0.0054162679457715988,0.0051727114866162872
2021-07-01,0.0071194171238729773,0.0067618266882560609,0.0059841482686037008,0.0057627847691343811,0.0055039768402728251,0.0051313528178953422
2021-07-02,0.0064534165860324197,0.0066593331329630918,0.0058465749888956583,0.0056084695308440706,0.0053447360457383082,0.0049482757623014514
2021-07-06,0.0065813352147199222,0.0084078173952460665,0.0086444807417036945,0.0083293581467310529,0.0080832956328552759,0.0074242005545891009
2021-07-07,0.006424140772203951,0.0077358813114959566,0.0076085131880104387,0.0073047707572460804,0.0070488243698180082,0.0064582099611274774
2021-07-08,0.0054975906093782017,0.0086978548521058074,0.0090335064159035132,0.0087759176455735038,0.0085458311585149254,0.0079738073698113528
2021-07-09,0.0044806972805769216,0.0075087123237263225,0.0074270504818837492,0.0070993915951798412,0.0068369685087239108,0.0062277513157072868
2021-07-12,0.0078606936921315814,0.0065751790635545813,0.0056711842558576746,0.0055198510440910304,0.005271373822706516,0.005045282963140248
2021-07-13,0.0099974503094882681,0.0084069856254928611,0.0086714382180400982,0.0084105655364402621,0.0081758018997749246,0.0076236520486207687
2021-07-14,0.010607022403010405,0.0086265421153414335,0.0091523631405156028,0.0088122025274744529,0.0085675420182630465,0.0078569665771646997
2021-07-15,0.010537708845499259,0.0077324341890341198,0.0075010740727973592,0.0073038846031831233,0.0070678141011621311,0.0066762416039144734
2021-07-16,0.010935976701083152,0.007699588392702501,0.0073735118080794212,0.0072442915947334369,0.0070201739625978957,0.0067568562343710637
2021-07-19,0.0087479682988975439,0.01196910078903719,0.014564178151178036,0.014073547607596729,0.013862931990661076,0.012648479605570889
2021-07-20,0.006341081204325953,0.0076594711147844642,0.0078001934450110545,0.0074371530870517783,0.0071723877327025242,0.0064942757242224813
2021-07-21,0.0052190448942929825,0.0084521823444950739,0.0090354016004749842,0.0086629598001501801,0.008410852633986483,0.0076606529355765802
2021-07-22,0.0054579557990590104,0.0080552381258200099,0.0082212723326283068,0.0079554176394459955,0.0077146162728485446,0.0071836751614684311
2021-07-23,0.0036844214934886668,0.0073297080829312737,0.007169684634064648,0.0068987048128739889,0.0066447020412945968,0.0061587708276418292
2021-07-26,0.0036407483282148521,0.0075288962651030716,0.0073406816370942965,0.0071347216985218186,0.0068954244148914353,0.0065118137103473556
2021-07-27,0.0047130503424738356,0.0085238571524372496,0.0089060694472912275,0.0086799525213514285,0.0084550810098978964,0.0079658946476524016
2021-07-28,0.0052002453712748954,0.0081850298735898063,0.008415807227203918,0.0081793756990055054,0.0079467589386873552,0.0074633360736414134
2021-07-29,0.005620197094754086,0.0074055706241160143,0.0071788500622230406,0.0069746067097397908,0.0067338307513406873,0.0063640697077634659
2021-07-30,0.0052337166216343328,0.0076467186687424254,0.0074009484405201274,0.0072742464244861128,0.0070512560047376535,0.0068041629767666666
2021-08-02,0.0051616052133356283,0.0084479481713584069,0.0092088280220865727,0.0089133248940445071,0.0086885018694833668,0.0080824378988813162
2021-08-03,0.0037175734754361384,0.0065636514648448789,0.0060785853529189979,0.0058778903339920772,0.0056514979773567234,0.0053633553807351225
2021-08-04,0.0031920317979096057,0.0089027298296376622,0.009905762901541805,0.0096113221355390108,0.0093909229403451779,0.0087541428471045839
2021-08-05,0.0020024778193400224,0.0074330489536350887,0.0076794274904921443,0.0073908998627693328,0.0071605005601241608,0.0066532717760959823
2021-08-06,0.0020311786090463036,0.0078236178283739854,0.008233081748886208,0.0079437208766287518,0.0077140866955293635,0.0071646965791839351
2021-08-09,0.0022581989910059833,0.0077743324750241139,0.0080107138478780725,0.007762215227870759,0.0075364255109739604,0.0070573222704898393
2021-08-10,0.0036662132670681356,0.0077520373498520577,0.0080842365779429121,0.0078044515170122225,0.0075749129448511449,0.007045206254890757
2021-08-11,0.0060359940372191881,0.0070150118367934564,0.0067224483833885516,0.0065164691883189876,0.0062898668077668914,0.0059430437418335896
2021-08-12,0.0059263019716783742,0.0067137394353623172,0.006174327787696097,0.0059945152615629464,0.0057683669605426997,0.0054882912417186461
2021-08-13,0.0068573148199719694,0.0076889997866917935,0.0080435730822411098,0.0077390186171944122,0.0075044688903076829,0.0069306206433989723
2021-08-16,0.0078267616221957895,0.0065228329032718593,0.005984987919850848,0.0057369529754960191,0.0054940121508456194,0.0050807670552380372
2021-08-17,0.0072876959966179855,0.007172118719843682,0.0068230688514874342,0.0066004871003313556,0.0063624223376393127,0.0059264456942781296
2021-08-18,0.0054557306447785029,0.008162128862488684,0.0084399086539792244,0.0081902966905298795,0.0079584615881552832,0.0074062916318747996
2021-08-19,0.0060246520078916874,0.0072244426047648261,0.0072886301963883951,0.0069707474478450573,0.0067255435153152198,0.0061410918274155844
2021-08-20,0.0062912771841999171,0.0073726799015169748,0.0079385138335921167,0.0074960114049895128,0.0072376646458180167,0.0064326581934064748
2021-08-23,0.0052999327515341884,0.0079461320006864421,0.0090497717983089067,0.008543884294249425,0.0082843155007633167,0.0073349496941340769
2021-08-24,0.0052939556067609301,0.0078921956740914834,0.0085858986458233477,0.0081830517325265899,0.0079332018532381893,0.00715314116716369
2021-08-25,0.0052157191103757057,0.0065317860954489096,0.0059814463512622993,0.0057395469094270995,0.0054975975101027334,0.0050949147724918022
2021-08-26,0.0046990256632954098,0.0071241340527278966,0.0066816108307038201,0.0064947904961362869,0.0062634233885443084,0.0059046366584731063
2021-08-27,0.0024992259898858225,0.0062399124983185872,0.0057345249617666676,0.0054484718414641387,0.005201581124641177,0.0047588514940720607
2021-08-30,0.002227383836542592,0.006468921323872329,0.005942316014195149,0.0056927719888882023,0.0054511109335874715,0.0050480946018724247
2021-08-31,0.0021951642982326876,0.0070190594957827684,0.0067202112957650819,0.0064775949895891187,0.0062393754322920721,0.005797056327795703
2021-09-01,0.0029055301196339767,0.0065577617840448903,0.0060330343534507266,0.0060998528228039198,0.0058463232524762062,0.0054117833721235332
2021-09-02,0.0043688329242647546,0.0065384413385992058,0.0061395184954067253,0.0061800300610819047,0.0059218767891824464,0.0054161064888132073
2021-09-03,0.0045145859298425352,0.0065659751746003029,0.0060339310557173372,0.006101844892841198,0.0058481513930423914,0.0054155090462801826
2021-09-07,0.0048653500875717607,0.0071085500108079777,0.0069412296353452982,0.0069822002981433711,0.0067322259511743083,0.0062286490150429419
2021-09-08,0.0061001465003491569,0.0070430231919719902,0.0069177887101840932,0.0069460231970145461,0.0066933934439706091,0.0061561303378671346
2021-09-09,0.0058339791590309876,0.0075947680793372694,0.0078524701616301002,0.007851173381380137,0.0076020819207817383,0.0069871680534415639
2021-09-10,0.0063771113164687882,0.0080422386880588583,0.0085135999271010246,0.0085085217823567642,0.0082661414912627001,0.007644024985894126
2021-09-13,0.0097932516248016299,0.0062154053958029306,0.0053511850001988709,0.0054602121537073965,0.0052101981692067372,0.0048926077077391392
2021-09-14,0.0094989688505902475,0.0074019144520099068,0.0073258103400919532,0.0073767574889004612,0.0071345465275276477,0.0066630105439286682
2021-09-15,0.0097591541210033522,0.0067900683167300951,0.0067332623121515653,0.0067349994170135914,0.006477778919844572,0.005876302944170804
2021-09-16,0.01113135540653021,0.0070132896921893265,0.0068396089257130406,0.0068748012577172744,0.0066228202458760753,0.0061041538344494793
2021-09-17,0.010260836568010715,0.0071975790645626009,0.0067065468273477761,0.0068205562070422334,0.0065849191564434258,0.0062814995345020332
2021-09-20,0.0070978647707884944,0.0095610507740104562,0.010920241228882303,0.010871547119547433,0.010647411639869037,0.0099188378520600404
2021-09-21,0.011536308903069314,0.0065259469584644774,0.0056832243198563295,0.0058170374884446438,0.0055773456781089362,0.0053315931122190578
2021-09-22,0.010714658452889107,0.0063848530790115744,0.0058143521726241208,0.005889953078792959,0.0056417167202092965,0.0052453998448737695
2021-09-23,0.010764807315537488,0.00761824640426102,0.0082747289004063869,0.0082170680099746853,0.007968249250919655,0.0072224942317818917
2021-09-24,0.011968853674591455,0.0072476167466710723,0.0070546491353365914,0.0071287645362786683,0.0068939847885121676,0.0064984558019727141
2021-09-27,0.013240306565254538,0.0081557533096935312,0.0087219103614416399,0.008718630425243663,0.0084833351604512615,0.007878385059930661
2021-09-28,0.010670025097408211,0.0092533724712003489,0.009839125374088372,0.009926100538862467,0.0097238546363159345,0.0093709215291330247
2021-09-29,0.010803883630373719,0.0072130052259108783,0.0067968397989124525,0.0069187044912050804,0.006694370571592943,0.0064351385388892266
2021-09-30,0.010064730005833761,0.0093572014331949772,0.01035907089867257,0.010378270234575692,0.010168908683985567,0.0096388337679346181
2021-10-01,0.008605288885813479,0.0065828279728277674,0.0066765119998227415,0.0066809077068208395,0.0064451526464636109,0.0060883874418466086
2021-10-04,0.0071355702122285715,0.0096512656561545309,0.011763927067156416,0.011605616788311676,0.011387743195382102,0.010726734009145153
2021-10-05,0.0055409466573041796,0.0075602294288759789,0.0086543127234025522,0.0085323584810472891,0.0083017463131792712,0.0077622256907150713
2021-10-06,0.0054627398093783546,0.008223813176972062,0.0096271357200521379,0.0094939811574689722,0.0092691199021984368,0.0086984955959956145
2021-10-07,0.0084065610273387041,0.0079383964753200406,0.0092379369214483573,0.0091012506633149515,0.0088753415687069844,0.0083146365921222907
2021-10-08,0.0090285938864555493,0.0079866840078241536,0.0081144258643317015,0.0082055249261590562,0.0079952698510869676,0.0077516790424517409
2021-10-11,0.0085266692496945001,0.0086690285294981403,0.0092533568392979357,0.0093068000925134592,0.0091004348819609653,0.008787176856757976
2021-10-12,0.0091269413087884319,0.0084192952243971227,0.009213044294603432,0.0092087977916582367,0.0089958142421288634,0.0086064155362891928
2021-10-13,0.0091539803926700622,0.0075448299387114899,0.007697102150484943,0.0077526897062778176,0.0075349219888308661,0.0072486165939621375
2021-10-14,0.0054316124294405055,0.0069096319669415575,0.007050480975421063,0.0070538268479435921,0.0068324664250827708,0.0065132567760146981
2021-10-15,0.0042668234735793861,0.0079204145190347897,0.0087567483137095808,0.0087027773170594465,0.0084855478248299331,0.0080546623059244132
2021-10-18,0.0047094785660667399,0.0074350705093106035,0.0074053460513401354,0.0074888410335720336,0.0072711322753610686,0.0070233660546637376
2021-10-19,0.0032448738184689837,0.0074856511798057071,0.0081017336304670777,0.0080652720619126487,0.007840064635815382,0.0074235324745005431
2021-10-20,0.0033761025327529309,0.0076493662485513344,0.0081852789914323484,0.0081776506417468621,0.0079547821650499898,0.0075698112180430238
2021-10-21,0.0053368953684502299,0.0074411698907437939,0.0076661510003608272,0.0077056028039461958,0.007481947154533701,0.0071597916929740605
2021-10-22,0.0053934444455044587,0.0078675592699148974,0.0083710456465563958,0.0083885998219747418,0.0081672466900542823,0.0078028571643847877
2021-10-25,0.0048947677857495752,0.0071071659398676502,0.0070837914556232473,0.0071459211944627371,0.0069210132574766886,0.0066404179313494134
2021-10-26,0.005201225642663624,0.0070421416642322179,0.007458415157523034,0.0074476736568924069,0.0072057721429363911,0.0067772740460277968
2021-10-27,0.0055244727684838815,0.0083306992073621695,0.010235791961632979,0.010034543612466347,0.009791643034667348,0.0090631709327681359
2021-10-28,0.0040619271890443764,0.0062260943351664187,0.0066640125648232554,0.0065941775918808895,0.0063374215015707478,0.005833257762754767
2021-10-29,0.004251638304184918,0.0066566693344970174,0.0070881274029071326,0.0070539040930315483,0.0068014093868056357,0.006327332824748606
2021-11-01,0.0041989569693206821,0.0064892355456891348,0.0071849242990944806,0.0069514133566114418,0.0068969578019791771,0.006244502353365454
2021-11-02,0.0040703325193112028,0.0057192751838386633,0.0054406999576783622,0.0053237812876514995,0.0052650249496964891,0.0048138534982584708
2021-11-03,0.004712414734243075,0.0068732245517044779,0.0093101766149338346,0.0088457005088067898,0.0087691251585695004,0.0076922043883145448
2021-11-04,0.004219806275878351,0.0060378443549415021,0.0065850038590754287,0.0063588036464391805,0.0062942389954337959,0.0056446891930021052
2021-11-05,0.0051684871660378929,0.0062462184027059064,0.0070374430285808755,0.0067759744754156744,0.0067142552917247317,0.0060018580812628147
2021-11-08,0.0051566497216855838,0.0057393173100578794,0.0053067652227441128,0.0051830222628949964,0.0051336288623647364,0.0046638626339324772
2021-11-09,0.005245897682593822,0.0065925981395909281,0.0070246514454929132,0.0067933557233754716,0.0067545013363596914,0.0061005357500911149
2021-11-10,0.0039564847148505326,0.0076424911362144056,0.0088801181051670099,0.0085702726175332661,0.0085456734451844988,0.0077699284745965328
2021-11-11,0.0042346802463992337,0.0058909249902683002,0.0057962623763060548,0.0056207071322062823,0.0055711147497461578,0.0050056844671324922
2021-11-12,0.0026958855808210348,0.0050710107197785414,0.0047464050354484536,0.0045982018043175333,0.0045255039765205469,0.0039960336032148344
2021-11-15,0.0029721841563436682,0.0058251649723656193,0.005593239045394288,0.0054358015280184116,0.0053867406249425752,0.0048539611875515381
2021-11-16,0.0024625885157064822,0.0053565190358985859,0.0049826333666411621,0.0048366815277735955,0.0047757546042457412,0.0042545218060055278
2021-11-17,0.0025105934963993671,0.006583656941112675,0.0073770339262544931,0.007086174098810313,0.0070420213994197862,0.0062740444282260548
2021-11-18,0.010283708521135328,0.0057093509821434033,0.0058830745884416212,0.0056704664979558865,0.0056094136002020813,0.0049712895668134185
2021-11-19,0.011612153893417106,0.0067790432326988231,0.0080716883637322878,0.007718026129798293,0.0076697926230775669,0.0067887738215907717
2021-11-22,0.014507628569111862,0.0065902928087102743,0.0072859027846583976,0.0070098762514044215,0.0069675640801804741,0.0062278216069834103
2021-11-23,0.015332028000250056,0.00660176889949612,0.0081401926369570662,0.0077549323620528538,0.007695348508653067,0.0067524547119578093
2021-11-24,0.016728964069155031,0.005687784521109537,0.005759431775276028,0.0055547636130172419,0.0054961776253828285,0.0048712233576772524
2021-11-26,0.013906196469841746,0.012532326002212265,0.020184399076444592,0.0190934449670906,0.019093676842908892,0.016961317776480911
2021-11-29,0.013833934985477189,0.0059175898265090522,0.0068062174476322219,0.006590800248455703,0.0065037275926957796,0.0058849703729752971
2021-11-30,0.014071018937224939,0.010377102105676456,0.013272443232890306,0.012852613207088637,0.012866758999685691,0.011958694788790816
2021-12-01,0.013207623965099852,0.008553464822415523,0.010716845132658985,0.010421835234642136,0.01039976835788929,0.0097594498027747563
2021-12-02,0.01172223641954393,0.0061752244795314683,0.0087695460685262121,0.0083633745062103373,0.008326050836498719,0.0076001388723246658
2021-12-03,0.01181919361475799,0.0083888255069359541,0.010779221969987868,0.010491021296039264,0.010468224179020111,0.0098570416789060811
2021-12-06,0.011305038052542581,0.0072540365345058781,0.011258373856093649,0.010722778250635674,0.010662254501358999,0.0096677675359627801
2021-12-07,0.0073145145215706697,0.0057359506522270069,0.0086883012487754541,0.0083192400321841324,0.0082836463975174569,0.0076653793141489819
2021-12-08,0.010009021361037047,0.0071898824593974653,0.0096305877187277643,0.0093893491385581892,0.0093712658626014227,0.0089166453523484551
2021-12-09,0.010329264235728088,0.0082332883483111317,0.010894249844731139,0.010658061869701503,0.010639227540436579,0.010148032044142998
2021-12-10,0.010584620579210653,0.0063320712015698345,0.0084268141821337746,0.0082115961918108465,0.0081985110551395565,0.0078288160927666578
2021-12-13,0.010911276629063889,0.0086385323435289648,0.011694927691652113,0.011435275144425959,0.011411356944009679,0.010865103925010038
2021-12-14,0.013095691426998688,0.007518415324556299,0.0089196224088937716,0.0088609057773156065,0.0088696282249258688,0.0087286614946804932
2021-12-15,0.011967317767571138,0.0061874845803271536,0.0091981912666002363,0.0088929146713931807,0.0088640099667835568,0.0083513269784658006
2021-12-16,0.011628411037144053,0.0088279330264841097,0.012343315839237959,0.01207703089618231,0.012049448123205207,0.011494706897119348
2021-12-17,0.012321465294743138,0.0087392775035118348,0.011798186746049433,0.011606522886710427,0.011590078124588846,0.011174022282534285
2021-12-20,0.011362048405390122,0.0080819077771843665,0.0099847179884292696,0.0099463776376447141,0.0099541721037366606,0.0098406015768392197
2021-12-21,0.008212741447486599,0.0063492268189252951,0.010195227855548271,0.0098587328704586794,0.0098210332475114313,0.0092641890765814191
2021-12-22,0.0070132285514724743,0.0061208243169740282,0.0082382253709245012,0.0081533990935055076,0.0081544887752090754,0.0080558101280872995
2021-12-23,0.006539403920268712,0.0067668045331694604,0.0093993840940055362,0.0092693704641838865,0.0092622414766441036,0.0090566893656251236
2021-12-27,0.003151694982311094,0.0061140469399769701,0.0088336319608571974,0.0086124024645224603,0.0085946096362777488,0.0082437859374922141
2021-12-28,0.0031340007098349856,0.0070104096623473302,0.0087040490753813749,0.0086495730023214493,0.0086568247650704797,0.0085595615470144444
2021-12-29,0.0092021889751848062,0.0069486675307729459,0.0087513405003874951,0.008609526381675359,0.008606462205854799,0.0083420042810694647
2021-12-30,0.0091282005055696707,0.0072431212525492479,0.0088109853252481829,0.0086882050116293026,0.0086887778964742351,0.0084397008505674512
2021-12-31,0.0092297924288330824,0.0072792797636339699,0.0089079878453629854,0.0087556234822913116,0.0087525541912801784,0.0084446658778267493
2022-01-03,0.0088787940963386824,0.008028858221548734,0.010580215633963838,0.010027157462374082,0.010126722725664282,0.0093602884993038028
2022-01-04,0.0097597972657372783,0.007795366479313573,0.0091140400172933546,0.0087050319369907231,0.0088514264935537976,0.0083889723651371269
2022-01-05,0.0046396353768799886,0.010318306395322299,0.012635432713216151,0.012148661650594625,0.012320609391649726,0.011665579174183888
2022-01-06,0.0077362700498350414,0.0082260330705970948,0.010096841777023793,0.0096302915364306074,0.0097648058039849408,0.00917734935286749
2022-01-07,0.0075329147688751284,0.0080634228070262867,0.0092524247602818171,0.0088665424885837323,0.0090262744211649162,0.0086098614516117514
2022-01-10,0.010967675085889153,0.0073639221915527808,0.0079121303616337211,0.0075849432859085592,0.0077523372465603448,0.0074651234259609312
2022-01-11,0.011208721596372186,0.0071504564421484146,0.0088859894956843568,0.0084031616024691728,0.0085121267252727204,0.0078993111888472356
2022-01-12,0.012204587940148434,0.0074158502416403742,0.008627622658160309,0.0082093702696661025,0.0083477552678818488,0.007866050176997404
2022-01-13,0.013750111628820191,0.0093029311858619356,0.010932703439213438,0.010489369234759481,0.010660121711226612,0.010101755240881843
2022-01-14,0.013878893236168626,0.0082208979282350995,0.010324932701327765,0.0097923126981655263,0.009911080741964895,0.0091748449220803302
2022-01-18,0.012607472139386859,0.010343009386689441,0.012932285819422721,0.012400663476702857,0.012559703131958037,0.011807050963273129
2022-01-19,0.011765281235088859,0.009211533249329884,0.011187367173463079,0.010714032051254999,0.010869273921273492,0.010252935614830417
2022-01-20,0.010887973676878805,0.0088232818515768946,0.010153593383071792,0.0097235923465406517,0.0098920847863264733,0.0093631859188577585
2022-01-21,0.012660894635182841,0.010295981582736383,0.012545322562518179,0.012042270489458199,0.012213026383217068,0.011517453011639499
2022-01-24,0.014847102264570292,0.0077349816447998274,0.0096590538727864377,0.0091488570998026677,0.0092634740976812804,0.0085824097368035774
2022-01-25,0.014118309159147992,0.0091526511216442012,0.010834699764964947,0.010344365877369322,0.01050319738764652,0.0098375873779824874
2022-01-26,0.014722582704343134,0.007972302414923112,0.0093109033112696495,0.0088425914835263738,0.0089842030579234365,0.0083788007345779441
2022-01-27,0.018027854783539993,0.0085741079817235888,0.010467690343495898,0.0099331312246026034,0.010065757989299628,0.0093119616831078937
2022-01-28,0.014458237048964744,0.0063529691721705547,0.009089324847327461,0.0085159200517455416,0.0085662659090274592,0.0077855834620104963
2022-01-31,0.012139908426610713,0.0071421415191602732,0.010028876731996386,0.0094985450110179077,0.0095708696642829594,0.0088843707293832317
2022-02-01,0.01231812791127283,0.0071601605776547526,0.0084286831997457817,0.0082041442007234483,0.0082438216453930412,0.0080085692800779366
2022-02-02,0.013239006223952198,0.0072845924257255498,0.0089366495486506228,0.0086571405600315877,0.0086840103713230199,0.0083560513246556511
2022-02-03,0.011307304377171515,0.012456515320177589,0.015385792678579322,0.014895879000678468,0.015030191180312444,0.014340087226884839
2022-02-04,0.014240076909412964,0.0086606532369133231,0.011020289399198606,0.01063589667587839,0.010674932076824774,0.010168314122073465
2022-02-07,0.014242824799391065,0.0083582578515997846,0.0096644486712931556,0.0094858672520092124,0.0095546891431926382,0.0093948614736844051
2022-02-08,0.015511847123165964,0.0082737857549535082,0.010623602933827787,0.010252892978890182,0.010278938181459883,0.0097959391403960247
2022-02-09,0.014094093154164667,0.0071394844871922932,0.0090879570478474871,0.0088112983058203209,0.00881536189665366,0.0084923808938341984
2022-02-10,0.0150386358477358,0.010726019299951753,0.012608460849983311,0.012387922329006078,0.012499894873352695,0.012265720532069972
2022-02-11,0.012460926453639725,0.013165875553396697,0.017028982355379915,0.016448613646323548,0.016559053092546967,0.015715566605642082
2022-02-14,0.013282058843765843,0.009129551669787888,0.011041671006732503,0.010830174726395865,0.010889996616955114,0.010673517366902134
2022-02-15,0.013758344244131741,0.0094610889045630888,0.013572079476750315,0.012938086172435513,0.012925633058807605,0.011997695966577734
2022-02-16,0.015286087037149359,0.0085334533599021808,0.01035114558786655,0.010154289852269759,0.010199683832304397,0.01000877294595218
2022-02-17,0.015351663414239377,0.012817480751649745,0.016170710645276202,0.015725166523567636,0.015839545939591047,0.015223446450175208
2022-02-18,0.015117747349889289,0.0096326783369845431,0.011676762865807421,0.011438397170627149,0.011508974264621453,0.011246497760861639
2022-02-22,0.015886234807129879,0.010297080191977916,0.012500121794304028,0.012241764734924793,0.012325606687648795,0.012028446135758151
2022-02-23,0.01596136069791872,0.011601065343278429,0.014246061102697017,0.013923706476204674,0.014028680055708837,0.013621780214026062
2022-02-24,0.014667074139757973,0.0092152032865751646,0.012959805949336526,0.012442722938957481,0.012430825252884907,0.011699963468797736
2022-02-25,0.011540112774471162,0.0078823180458051385,0.011074557307836198,0.010711702124047791,0.010673606859739121,0.010204309626315064
2022-02-28,0.017633213874698427,0.010437110093532608,0.013552293645797494,0.013146393408660365,0.013196990949819631,0.012651318719584876
2022-03-01,0.016595343331813246,0.014999206000806408,0.018544030921485259,0.017998147727077203,0.017944266233348508,0.016917112168515935
2022-03-02,0.0186801678940887,0.012187903090144359,0.015015303961194094,0.014313950161945917,0.014246031642207831,0.013150252233861329
2022-03-03,0.018656464702186959,0.011883067053307765,0.012454649518991031,0.012359582433554164,0.012266546215618665,0.012001191347261166
2022-03-04,0.019170406011477004,0.014204968035186231,0.017758683211785253,0.017142015193276208,0.017086264542036756,0.015985512128176314
2022-03-07,0.01411367408566855,0.016486086784953696,0.019899271424434123,0.019516726652046425,0.019465110629955547,0.018618299709040068
2022-03-08,0.016800046129371023,0.013310092716981612,0.01497390144019582,0.01471207935088352,0.014634272846369541,0.014093508134501635
2022-03-09,0.01544155101948008,0.01643526335263356,0.023909801894414565,0.022320830713333295,0.022313320377809073,0.019867297219865892
2022-03-10,0.016286848121528589,0.012277207122128226,0.012500997561746089,0.012482555711716879,0.012387056627908283,0.012244514005062976
2022-03-11,0.016007574667326198,0.01402479651283095,0.015701019446591764,0.015489972225839733,0.015414109987103479,0.014926004393745154
2022-03-14,0.015668422395774633,0.012685310804307411,0.013593441877058673,0.013466509396607354,0.013379130628914606,0.013051556945900605
2022-03-15,0.013339313973193082,0.013068431158514512,0.016348009277607569,0.015553162796474233,0.015492552973490489,0.014268518406512991
2022-03-16,0.010739527491927066,0.012855520404886748,0.015636978340404274,0.014935980471381857,0.014869623790989576,0.013793880747416287
2022-03-17,0.011366308163954442,0.013854345374363164,0.016771861615942692,0.01613335974392488,0.016070858178322281,0.015043625976196361
2022-03-18,0.010497953515736102,0.01122152031067645,0.011322313468299339,0.011196705308098985,0.011097561258612479,0.010867360109342807
2022-03-21,0.01096528805382882,0.014638735341494725,0.017798990544640635,0.017218334243496849,0.017160055592205757,0.016157104812148299
2022-03-22,0.01110867696314095,0.011638770586452074,0.012427759219456845,0.012168747889033545,0.012077931402799769,0.011642170197565336
2022-03-23,0.0098728328753065683,0.014729218374861696,0.017146410286423192,0.016804648538048979,0.016738436233085414,0.016044284436369381
2022-03-24,0.010040843764310022,0.011517251090269111,0.012660039941994715,0.012303901536051209,0.012216532784923052,0.011645666205779504
2022-03-25,0.0098829954453340252,0.011142977482146238,0.011394281185123589,0.011277737595627623,0.011179687788332339,0.010932172277224225
2022-03-28,0.010108370837119076,0.014157642699763651,0.018119176864215741,0.017314537396456588,0.017263478184223885,0.015947393152319848
2022-03-29,0.010210976315896184,0.010333862912734443,0.01059806184509232,0.010407953709514247,0.010308043383753365,0.0099837872511440613
2022-03-30,0.010806926216138817,0.01228886667087583,0.01337370459761332,0.013193535504716247,0.013106907752722649,0.01270166025417924
2022-03-31,0.0085863193756738881,0.013664345512713002,0.015205573347016096,0.015031433694854324,0.014953047081158757,0.014508639009435121
2022-04-01,0.0085765435941873528,0.011591219559798943,0.010855214877477421,0.011227934639912607,0.011139094019425606,0.0108885296564298
2022-04-04,0.010883308406887393,0.010583153540275034,0.009972229279878439,0.011048123643433241,0.010932458982835999,0.010390945502710096
2022-04-05,0.0094278445101567999,0.011857636573175245,0.011050368499676957,0.011730427530366664,0.011623235236128664,0.011411038263744733
2022-04-06,0.0097274852897580866,0.01167047677774463,0.010786496682876867,0.012031083341981053,0.011909685291309938,0.011531540000717096
2022-04-07,0.010998643448019608,0.0093203798611502676,0.0094664494798522708,0.0088388665322504494,0.0087435069276455332,0.0085101900529278799
2022-04-08,0.010934807142526032,0.010234966889800056,0.0099393226458655611,0.010273407882415106,0.010160415212275967,0.0098257086553639322
2022-04-11,0.010555386297943619,0.012052849194509187,0.011129635199473333,0.012181230480782542,0.012063440435951957,0.011806278149770991
2022-04-12,0.010429299119208498,0.011607505022253776,0.010493848718198367,0.012765201368859457,0.012623449783178604,0.011960501565700384
2022-04-13,0.011323853235378043,0.0084760498861294279,0.0087523671091895103,0.0085584773657285396,0.0084459898547629298,0.0079969423835417174
2022-04-14,0.015863540620345069,0.011033230206377115,0.010365302341192465,0.011546338980949302,0.011414817701786914,0.011007306351985045
2022-04-18,0.016071771077959703,0.0087200419964740521,0.0090757639367695809,0.0084104864499154903,0.0083028917528624579,0.0080493923025313861
2022-04-19,0.01948717932991794,0.010385127633541524,0.0094611513139351861,0.012120216264239179,0.011969528378350303,0.010992436705432302
2022-04-20,0.019524777207705145,0.0098612623985921185,0.0096091981734206921,0.010221039851527693,0.010097513005808184,0.0096518883500605005
2022-04-21,0.021454009360476551,0.011291613725130555,0.010552072259748966,0.011762844655895804,0.011631989061723707,0.011255249571456249
2022-04-22,0.024270215806209819,0.01266801630081963,0.01156559080298915,0.012830457419808473,0.012706440968319153,0.012514147986589636
2022-04-25,0.024280922482969161,0.010185461809302881,0.0097587540600112457,0.010589677990352511,0.010471642483754588,0.009967231959835253
2022-04-26,0.020518518678323664,0.015533631306015559,0.012937155386777975,0.017228251900712171,0.017069952648087854,0.016430654387126261
2022-04-27,0.024482980899475336,0.010039813683290497,0.0098842344906717623,0.0097119208103439644,0.0096137668950651185,0.0093506735056906997
2022-04-28,0.027145944661377069,0.0094832988149539492,0.009392128353581013,0.0092055660626911128,0.0091204731947457859,0.0086860478847554223
2022-04-29,0.021458816033342511,0.017725742944603152,0.014489273366021259,0.018889032061208892,0.018752432826662672,0.018334173231403163
2022-05-02,0.025788780425105927,0.013486380015275827,0.012264019701555818,0.013678865369828503,0.01353353873114314,0.013018594141669535
2022-05-03,0.025728254949094899,0.012668464574365669,0.011519774923670298,0.012161467683285285,0.012035738658211328,0.011713605160186141
2022-05-04,0.023092138443337233,0.011736448267800896,0.010956546458130793,0.011364536141593695,0.011191332978700522,0.010750195557733044
2022-05-05,0.016477968304471534,0.019726722319116326,0.016676572205296378,0.02002790547664578,0.020009076974679154,0.019589905950290025
2022-05-06,0.019390670589511941,0.015813140167353513,0.013751137992528027,0.015225109475127688,0.015156152485274407,0.014882218852374254
2022-05-09,0.012942974325193578,0.020567383573543655,0.017385787411992169,0.02128421904694788,0.021255100371769545,0.020710896617778481
2022-05-10,0.015791583228398295,0.01575028173943633,0.013736859140834008,0.015178914450660897,0.015098742299970047,0.014792572721837231
2022-05-11,0.023166612436878207,0.019334374807930273,0.016588664559935407,0.020256639239809728,0.020183653717182434,0.019532656907058105
2022-05-12,0.023324270039820613,0.015370255465160076,0.013357917406656449,0.014357998774816885,0.014294821477848343,0.014118072975857859
2022-05-13,0.020794623252229312,0.014941286210916262,0.01331419888565692,0.014817797160078913,0.014683771106877914,0.014189079619222163
2022-05-16,0.022312254384222588,0.016419331242807512,0.014115454749154226,0.015435145807193346,0.015388066357944416,0.015211078108967923
2022-05-17,0.020655823793255028,0.015592018060275728,0.013808236795755621,0.015624557469523572,0.015496474968427548,0.014969535263356634
2022-05-18,0.010175085684585149,0.022896769176706883,0.018997489586658818,0.023368319358897997,0.023389748985463425,0.02293306467607634
2022-05-19,0.013201091452415964,0.017495608703947209,0.014824350620521655,0.016195300071251782,0.016177648498141555,0.016088517824450158
2022-05-20,0.017084169297693051,0.015976729172957005,0.013659247541028888,0.014271543981880651,0.014242903312915667,0.014243358047027813
2022-05-23,0.015148406039166619,0.015234098254888973,0.013274463393838545,0.01397922007695776,0.013901260691600555,0.013723218045343356
2022-05-24,0.015196070215695672,0.017802113433283862,0.015184297692923012,0.017186950730433519,0.017147056928000934,0.016880323664188422
2022-05-25,0.016929790528926139,0.015210025576838379,0.013153204616812405,0.01361367774513992,0.013560777841186601,0.013506313474496767
2022-05-26,0.016220304569838941,0.014786654674428183,0.013024522890875839,0.013872300825706979,0.013773104685439963,0.013501740476395383
2022-05-27,0.012137091664467673,0.013713573075435817,0.012257899132897132,0.012787881078466855,0.012669894759652021,0.012389514317146726
2022-05-31,0.012617582623935598,0.016381890219388628,0.014084162377438793,0.015403230934293709,0.015357263675902236,0.015184182247576028
2022-06-01,0.013035032541635615,0.017035375734001525,0.014612042093440979,0.014357221261438322,0.014400090969162008,0.01435690731467397
2022-06-02,0.014649797899268149,0.015748783605041453,0.013458271765076545,0.012287291244845112,0.0122256293675665,0.011958007409214742
2022-06-03,0.018248503031888425,0.017104200221459889,0.015452908411161854,0.016708414438593881,0.016674555432657324,0.016307307311779651
2022-06-06,0.02511605446087976,0.015442759770830409,0.013503675233991262,0.013154629362130743,0.013115515387228355,0.012859135952826818
2022-06-07,0.024787327619887532,0.01356649062134477,0.011789575726222006,0.010797653765219191,0.010748275781943165,0.010524575693405452
2022-06-08,0.025111513438286093,0.015683673919850205,0.014223701093012461,0.015091410354907603,0.015037071566512773,0.014651362035287352
2022-06-09,0.027226026943475798,0.016310584361912669,0.014723412509975034,0.01593282806003601,0.01593832784404544,0.015694673404139579
2022-06-10,0.0238543051247798,0.018014950438779126,0.016346648019090533,0.018238069966564262,0.018241085016111616,0.01792718460049697
2022-06-13,0.019824101291585322,0.019274116900361508,0.017504386427186658,0.019951285948521219,0.019980737109627476,0.019692430458053758
2022-06-14,0.019794734368763188,0.01692952034287129,0.014791265826858142,0.01485399136807756,0.01483691645934478,0.014601187584121595
2022-06-15,0.019255783009098332,0.016321442885364086,0.014274837340869279,0.013852477803877192,0.013763340748059396,0.01336016759676386
2022-06-16,0.018443586296125376,0.019177213816736829,0.01781742025016346,0.020795458318334275,0.020747107547035411,0.020200353467471621
2022-06-17,0.018497774180258234,0.017219604837078021,0.015583577629536462,0.01648708429295815,0.016370191208687074,0.015787975840642954
2022-06-21,0.017429379449964384,0.016296165334543405,0.014193159240198514,0.013423056778231683,0.013297669862836403,0.012814675728362829
2022-06-22,0.017414292533538368,0.017607137177346993,0.015885917723487297,0.016895352779089004,0.016798980332937398,0.016264592315221527
2022-06-23,0.017249237374563547,0.016512754993498184,0.014523857659092528,0.014376061286951382,0.014293002546821358,0.013886595769728798
2022-06-24,0.011124254676301159,0.016990331315193043,0.014792582416265521,0.014001406403405836,0.013847728760092944,0.013278421157799689
2022-06-27,0.011024150893354293,0.016980605256755991,0.014754127656196162,0.014708571243810836,0.014706425409332303,0.014520412543957474
2022-06-28,0.0062101008774239274,0.018186389598027847,0.016380527623090578,0.017912601105588368,0.017894846801575846,0.017544396591034982
2022-06-29,0.0090902778625952738,0.016622005333875825,0.014538651965138219,0.014517543185527903,0.014489963886305348,0.014232831063556307
2022-06-30,0.008334244309551285,0.017058366865454928,0.015038621077060131,0.015468821479238989,0.015453550470558765,0.015196571247808495
2022-07-01,0.0085861294779616733,0.016194152696423422,0.013864326926615232,0.012973699213175855,0.012864139990338912,0.012560356111525809
2022-07-05,0.0094238803371372772,0.018536820616977687,0.017809348077834249,0.020088906797403744,0.019830965297200881,0.018874601742674704
2022-07-06,0.0095959323151920649,0.016507927822882476,0.014324762494104519,0.013710128650574638,0.013619281155064082,0.013321417357933817
2022-07-07,0.0070045417943278652,0.016546560935778831,0.014562729929913736,0.014356530974955468,0.014183885506319539,0.013677633105902549
2022-07-08,0.010979860238730868,0.016988319669969616,0.014933090549342495,0.014622708481149178,0.014535757072511557,0.014211209397008689
2022-07-11,0.010387762311019393,0.017424033283319727,0.015773765668807914,0.016174306553528868,0.016095426465451694,0.015706571846276728
2022-07-12,0.0153056857436109,0.017299435085350215,0.016404057093910091,0.018035260516011363,0.017862296864947502,0.017147876004931208
2022-07-13,0.015387987213091399,0.01380486125031697,0.012162672924917132,0.01172028709569512,0.011639276410754835,0.011341840496851099
2022-07-14,0.016004291897426692,0.013617162837151446,0.01192456890060606,0.01136989449670728,0.011281174119882081,0.010981145578430836
2022-07-15,0.01420864879493036,0.012861216875201469,0.011046047144716171,0.010232363848568175,0.010052084413014487,0.0095997611124602339
2022-07-18,0.013727057699622633,0.013422747579852299,0.012773876526953542,0.013857699551865967,0.013688379769121715,0.013043501111851413
2022-07-19,0.0086373516358879202,0.012107316415813462,0.010716199355187892,0.01046306492109619,0.010203118753063917,0.009529567109760299
2022-07-20,0.014069959985996238,0.012182671875012208,0.010903056419912287,0.010728894045908297,0.010562103956153319,0.010064431439074362
2022-07-21,0.014439728469319716,0.012418782372774127,0.011378686901359661,0.011681082413739019,0.011466670703951519,0.010820692148925774
2022-07-22,0.015265125276446408,0.013430758736173486,0.012434921490751222,0.012941937763222153,0.012815424163730117,0.012320583889036008
2022-07-25,0.0153129983649294,0.011236401997751959,0.01028745851534129,0.010393858460580521,0.010226263368384704,0.0096954451708754184
2022-07-26,0.01466016932176854,0.01201553739324172,0.011038193658484673,0.011210375323423533,0.011107506921884733,0.010697564571049712
2022-07-27,0.011479357874977499,0.010760406130087771,0.0097998139442731797,0.0099180621861099695,0.0096285300349845549,0.0088545364120588329
2022-07-28,0.010039702892576498,0.011285789382042442,0.010208095113098278,0.010182736913920873,0.0099699915947728916,0.0093644720072880543
2022-07-29,0.0077118109270296739,0.010851632985233138,0.0095607704559865468,0.0090886420139032614,0.0088922064939785765,0.0083695393608117629
2022-08-01,0.007614665026031418,0.012294299477518575,0.011928983292886053,0.013056671303165023,0.012838587648676817,0.012111181931813453
2022-08-02,0.0072378572087791991,0.011914977024378876,0.011314294191108616,0.011414993447066424,0.011285823014353174,0.010812988692240896
2022-08-03,0.0095139228093296738,0.011748556543288871,0.011124739484670656,0.011736271459866677,0.011435900776555813,0.010646126646013894
2022-08-04,0.009509118894320899,0.011956730578614284,0.011387795485907343,0.011778272999326813,0.01159360196040587,0.011003431542473829
2022-08-05,0.012091932176734562,0.011796741710157535,0.011154355630945016,0.011221805941731066,0.01106379352827714,0.010551588791176411
2022-08-08,0.012219935010334372,0.011495511950550964,0.010869373194057135,0.010968076465898787,0.010800974909635792,0.010270290007779582
2022-08-09,0.012121321467854747,0.011183064530423502,0.010485122972494756,0.010194366725496231,0.01006753031189926,0.0096424595232148854
2022-08-10,0.0084059381026937337,0.010749703670902611,0.0099176253234156304,0.0097618797645058208,0.0094710224618114163,0.0087839373958241342
2022-08-11,0.0085055540300263115,0.011805176577599517,0.011281404948849107,0.011835756979748513,0.011633720372897846,0.010997362403135926
2022-08-12,0.0072517727525544624,0.010771328373510617,0.0099802461019909451,0.0098671517910086486,0.0095976911173235053,0.0089373842742534199
2022-08-15,0.011737188096574423,0.011114953892439829,0.010509873644881552,0.01077895736561198,0.010563498539612635,0.0099388278108328808
2022-08-16,0.011754540279714404,0.010197702870612231,0.009549806016037974,0.0094674941252054085,0.0092781940461367524,0.0087311720256865021
2022-08-17,0.01140455488384548,0.010833906768909458,0.010286420484540173,0.010413034645810986,0.010271753355438038,0.0097735047856482068
2022-08-18,0.012949281153728528,0.010557990631610429,0.0099932149172367712,0.010296708412406305,0.010079268804309895,0.0094453025237163767
2022-08-19,0.019189378889348057,0.011124729750157339,0.010590435520003719,0.010628545489589459,0.010535630260259107,0.010121157160432787
2022-08-22,0.016984685528631027,0.012795388454129359,0.012480320436930412,0.013360091376017976,0.013274421266201035,0.012775881411376526
2022-08-23,0.017654350200089305,0.011647146658666794,0.011115790867216684,0.011551409091160496,0.011370295934397345,0.010778754500528925
2022-08-24,0.017924864768534561,0.01004794137969231,0.0093199285594764304,0.008954578339794312,0.0087756859852517691,0.0082776721665215602
2022-08-25,0.016851080155087246,0.010148704200726097,0.0094975177517987574,0.0097336947687441666,0.0094488952229980269,0.0087212080279063728
2022-08-26,0.0083232819993996308,0.01425904063398899,0.014233622089866236,0.016020676847969727,0.015970561413558352,0.015421345637990573
2022-08-29,0.0079581592191107879,0.012892638615048305,0.012482538348925239,0.013428651976282728,0.013252719735450709,0.012612276726574445
2022-08-30,0.010117699802450976,0.01291126278716978,0.012440324972427984,0.013040996921271968,0.012915914886489761,0.01239283706164288
2022-08-31,0.0099594113302040772,0.012185201766368234,0.011616763330741024,0.011847219586652339,0.011718481662682788,0.011231718673697348
2022-09-01,0.01203145811407526,0.012083899419718805,0.011228418505475799,0.011145347359214708,0.011085067686584823,0.010486905296059657
2022-09-02,0.012047342762387855,0.01278495973738698,0.012022216167572819,0.012115297464540632,0.012080521235043634,0.011581351102695928
2022-09-06,0.023185163659971003,0.012424404846354015,0.011590818072579796,0.011496905186971332,0.011453408807042603,0.010927547694539786
2022-09-07,0.021841415192690113,0.012905551173285151,0.012424757287777489,0.013827950831676931,0.013673940526910747,0.012645568519766923
2022-09-08,0.022240347911431459,0.011611674550888008,0.010566101369471758,0.0098050293710253925,0.009763645516680788,0.0092757188500920771
2022-09-09,0.021420392725234442,0.011900659378574581,0.010966393013242075,0.010667114404499857,0.010586320954237468,0.0099306433439456214
2022-09-12,0.021163931201970004,0.011579493448972989,0.01051933290493782,0.0097296223848027524,0.0096794858928210669,0.0091628477217686015
2022-09-13,0.0089049442883111108,0.017259244608980293,0.017294706289320137,0.019688850327686861,0.019642762863693625,0.019065130417897428
2022-09-14,0.011761526965815549,0.013647179240309846,0.012638327367964948,0.011663916700953158,0.011637270113114259,0.01130086248567309
2022-09-15,0.011246724967054434,0.014903488793636854,0.014258533922155115,0.014468100785485747,0.014430506818005834,0.013994622832915094
2022-09-16,0.013109541363397618,0.014244428265844726,0.013355045010332368,0.01269803316054606,0.012685928180747482,0.01239334635416418
2022-09-19,0.013404980929293485,0.013253851291964741,0.012084271512293214,0.010542075766677896,0.010528685997391089,0.010275839600826699
2022-09-20,0.012423477459120404,0.014239058934105864,0.013366856093430511,0.012757291778412946,0.012752513822942041,0.012480474373421516
2022-09-21,0.012974636561652065,0.015250565338703444,0.014696845959824685,0.015183254691475584,0.015149301871124454,0.014713620720706248
2022-09-22,0.015596100166440889,0.014529551668292714,0.013782961071913366,0.013657967746991821,0.013626594626019409,0.013228836939069434
2022-09-23,0.015320327918644324,0.015188617779149434,0.01475679231792641,0.015757836849158751,0.015701825649993763,0.015139244433485169
2022-09-26,0.018728483171751641,0.013484163178883207,0.012722357019531196,0.012704051307159292,0.01267208569899235,0.0122208014040551
2022-09-27,0.023145088543713419,0.013357652941278674,0.012647326072049143,0.012907092437414324,0.012846614670751343,0.012265944980639789
2022-09-28,0.021467341088435676,0.012477793826889631,0.011415643020937272,0.010518621456337916,0.010451846841527494,0.0099236402074257407
2022-09-29,0.019829878618488082,0.015057416889852583,0.01449617960442761,0.014963112557499037,0.014938264625418203,0.014528111388994564
2022-09-30,0.022465872984082591,0.014763041434071688,0.014112529074829058,0.014297646487451049,0.014270899734683691,0.013869099862936227
2022-10-03,0.019510329448395911,0.013709551392040203,0.012517444408198714,0.01063162037151911,0.010453429987988726,0.0099946210794361473
2022-10-04,0.014229533446381806,0.014861100697510003,0.013884345537674751,0.012631595987202123,0.012359437499636795,0.011771800211514118
2022-10-05,0.014268012685554771,0.015475105341732883,0.015141407084912325,0.014781372705390681,0.014650726876101802,0.014248863789016776
2022-10-06,0.01782634967973027,0.015653692415960433,0.015480490821648738,0.015279669416512313,0.015187935825794549,0.014844220639653976
2022-10-07,0.016247966175018121,0.016987578705616145,0.017455716970859417,0.019268675221917875,0.019121891156751763,0.01861539157849116
2022-10-10,0.019519206763722693,0.01496891950997898,0.014546508406244687,0.013065923303651649,0.01306506045249874,0.012920358412836102
2022-10-11,0.020005418421451936,0.014204184429400041,0.013679890030456386,0.013820788953948998,0.013693926230897964,0.013188993746053441
2022-10-12,0.02020269856953465,0.013615851346988974,0.012868503536850361,0.011937262516676843,0.011881487161651615,0.011534663247628909
2022-10-13,0.016929940189460285,0.014057670172420978,0.013001211728403517,0.012334525763776935,0.012056509087846985,0.011370591973786121
2022-10-14,0.017194338426662313,0.015464252044751915,0.015432716274120028,0.015273740612045589,0.015265788573783572,0.015037926219056315
2022-10-17,0.014016981905802323,0.015090452358655288,0.014271687147839992,0.013734363986819568,0.013437595234291316,0.012770637394762616
2022-10-18,0.014811608939145168,0.015162226813258954,0.014523690507495132,0.013390124726760879,0.01323051153181495,0.012824807349507422
2022-10-19,0.014856218354175213,0.01578965694852693,0.015610657035487308,0.015636774224650866,0.015503798139497003,0.015086731810829356
2022-10-20,0.014569114916165147,0.01539005196382208,0.015095241066935265,0.014145709394289992,0.014102950779884672,0.013876846127208005
2022-10-21,0.014405444440414543,0.015074070728764283,0.014248211123425992,0.013251184982700153,0.012999708791346631,0.012436646259162817
2022-10-24,0.013727500387968314,0.015572344290642271,0.015057051846219416,0.014767034409657369,0.014532939916873308,0.013971189580365521
2022-10-25,0.011920294639021538,0.015364411754138274,0.014720361448443998,0.01379201991254079,0.013585990225736606,0.013104274630523906
2022-10-26,0.016119995093830799,0.016187702408714571,0.016121330543414341,0.016564530273042,0.016396841203994796,0.015916807027810096
2022-10-27,0.016599583937911923,0.015224501035538966,0.014861249153023299,0.014125505162627373,0.014047645026662212,0.013741824570677507
2022-10-28,0.014346634217847482,0.014990600700118331,0.014191836731161374,0.013955110363272917,0.013648490010577174,0.012937989565019297
2022-10-31,0.014609658796903128,0.014775433682418288,0.014323025667378558,0.013191880682540347,0.013163343208566818,0.012938599871801838
2022-11-01,0.01467603805884541,0.014821811913020195,0.014192588472104741,0.013804304150525339,0.013565867164498148,0.013168026506699433
2022-11-02,0.013147593391459557,0.016104211981167883,0.016481385889076373,0.017566488708801457,0.017321221758974308,0.016948635555676109
2022-11-03,0.02690405190100666,0.015412186150696765,0.014960770835131391,0.013932788002845503,0.013747384107392282,0.013543190173144991
2022-11-04,0.026486604467395987,0.014561722924436579,0.013834422603110231,0.0144297889911097,0.014072962089714348,0.01328242600096902
2022-11-07,0.026419886699530441,0.014275136755785862,0.013077699266485856,0.011575825152434521,0.011348094838736802,0.010964846486385136
2022-11-08,0.026582806576851876,0.014532557859567523,0.013749584861222004,0.013667235415017574,0.013378491204741921,0.012807155257259435
2022-11-09,0.025133672325751949,0.015653428921718188,0.015664861599991066,0.016028640278386103,0.015806605774911005,0.015492543501204433
2022-11-10,0.0078221279887328785,0.015370814537427731,0.01432250833703266,0.013444476701943505,0.013020712560332536,0.012044481767651397
2022-11-11,0.0068362651614301039,0.015758002727496546,0.015240769314955743,0.014121180907374834,0.013867100748239011,0.013453853429688939
2022-11-14,0.0058983868223201775,0.016062578351873073,0.015957896816363587,0.015440907192282468,0.015219465953314618,0.01492287322143602
2022-11-15,0.0074900998155876071,0.015391748926055163,0.014558350401321916,0.012507680575446985,0.012308307327723693,0.012058540091105036
2022-11-16,0.0072294677749558892,0.016049617751964691,0.015964851916094158,0.015625316640413663,0.015391357032255609,0.01505375900838141
2022-11-17,0.0070990676706387899,0.015719201007050865,0.015287710683757758,0.014066368747037532,0.013863670512676042,0.013615090298115045
2022-11-18,0.0099016345774517855,0.015201174219251018,0.014481227672108075,0.013241781279569851,0.013014619999716074,0.012667656692242055
2022-11-21,0.0097969278714813094,0.015299680012854752,0.014656837458874,0.013200232203451217,0.013013674098035763,0.012801697048376666
2022-11-22,0.015894217591033117,0.014758186747732664,0.013607558627406181,0.011500490967118217,0.011288951078300521,0.010976250300712599
2022-11-23,0.015647434071368583,0.015213869279864347,0.014729402595346341,0.014791487479865962,0.014489216137181874,0.013899515839678366
2022-11-25,0.015655628531334766,0.014995911344843465,0.014127008238777253,0.012307892040451355,0.01212930969206324,0.01193190545769394
2022-11-28,0.016101390757152095,0.015477416659002187,0.015240740270222198,0.014915338951577884,0.014713293608598951,0.014457508004292262
2022-11-29,0.017344382328695195,0.015112323266072336,0.014598265940636044,0.014322317991759845,0.014067189811400777,0.013626194873218013
2022-11-30,0.010441491291150141,0.01479688343609983,0.013564723205844611,0.011830436687751685,0.011535321463177555,0.010953801457331186
2022-12-01,0.01100433021977113,0.01484667823132679,0.014517238386549478,0.014202944756864525,0.013921451492557227,0.013464458593608826
2022-12-02,0.011492331006211162,0.014660603404728733,0.013886645714495171,0.012644411822403567,0.01240924515713056,0.012124745252042934
2022-12-05,0.010351228106956328,0.015263841256524274,0.015190569652122671,0.014337691781077608,0.014185299640842827,0.014019251622368379
2022-12-06,0.0087383234441819578,0.015445823712547001,0.01593559633886274,0.016438563432117588,0.016200553678480504,0.015748983821423847
2022-12-07,0.0091654983238019759,0.015072531786351113,0.015100125247915448,0.014881446388066792,0.014605304349574086,0.014148399245557546
2022-12-08,0.013946224233091645,0.014521038502767968,0.013707199738244484,0.012555331733465222,0.012265273812890623,0.011869237211604202
2022-12-09,0.014541714471119222,0.013553198985033649,0.011121781935975586,0.011431236766106094,0.011122278914615168,0.010565877080537732
2022-12-12,0.013600954391493083,0.013074954031495653,0.01021003753228154,0.0099716682276985626,0.009565936523364179,0.0088778202816776931
2022-12-13,0.013190365763349201,0.013139542597902776,0.010161905326591418,0.009338882489725267,0.0090006780785455848,0.0084929218141688145
2022-12-14,0.014484941600080776,0.013579442109906531,0.011218567903223592,0.011581781168044399,0.011264951285687238,0.010688586656896667
2022-12-15,0.011332972843611911,0.014403874213113265,0.013093202745992136,0.013989729598504301,0.013760413974925214,0.01329712587311788
2022-12-16,0.010334727677122258,0.014130738472958204,0.012559422362477261,0.013001439194347753,0.012721994090134666,0.012205946562769169
2022-12-19,0.0097685145950973107,0.014057412095211285,0.012425728976323967,0.012822420507978631,0.012526034250988581,0.011982327064008123
2022-12-20,0.011239645762215759,0.013763920985039799,0.011753597463614783,0.011505541118377118,0.011184229305850802,0.010652872655807789
2022-12-21,0.012080102194269931,0.013429740091428225,0.011064670342480602,0.010311427228072234,0.0099381440595373051,0.0093554773462952226
2022-12-22,0.010296968349253347,0.014206917879714651,0.012621747874240856,0.012474283722109489,0.012240477051031847,0.011863521056612984
2022-12-23,0.010149271548069357,0.013778282827669835,0.011873652972229198,0.011625698021797226,0.011281846124104862,0.010707522385890563
2022-12-27,0.010569476149889052,0.013937683328156689,0.012178676763076136,0.012425991114804708,0.012110706304980425,0.011545253223644868
2022-12-28,0.010333768322703002,0.014085772359339985,0.012256259876107836,0.011535519742388044,0.011319082052948124,0.011027337819602735
2022-12-29,0.012080773910389477,0.012975255599411638,0.0099677280506521547,0.0093958117112869603,0.0089867157816937698,0.0083227607053998048
2022-12-30,0.012025732253907266,0.013550443664345843,0.011226676034452184,0.01166946538278733,0.011328024215682979,0.010697924588380288
2023-01-03,0.012281126833942177,0.013700883277983541,0.011730802072381767,0.013051141285295532,0.012524834812715841,0.011851676542672496
2023-01-04,0.01306108254510157,0.01354055940965658,0.01155444739670837,0.013963441372890732,0.013298018178679431,0.012269912385094199
2023-01-05,0.012119428090672072,0.013626093622362674,0.011374613431155318,0.012126535024431229,0.011671731128923574,0.011185295262831869
2023-01-06,0.0068604502187618851,0.013293955591741123,0.010353182130405363,0.0092360907287671531,0.0087004906201203804,0.0081398621335050016
2023-01-09,0.0069046399984272529,0.013614926594629187,0.011140909547893539,0.01031178940388297,0.0098968564623135233,0.0095775285175249761
2023-01-10,0.0094104036270581861,0.013547775738117667,0.011078793873755339,0.010674148627231336,0.010189105720127368,0.0096968237707424128
2023-01-11,0.0082242799262800727,0.013475630390179825,0.010983415707543411,0.010968359576913793,0.010425809247798595,0.0097899912573464944
2023-01-12,0.011538434170796379,0.013501874686990921,0.010847871270310679,0.0099813897500529384,0.0095413822253615534,0.0091719113020791009
2023-01-13,0.012593153927076221,0.013545262888533104,0.011087168544387283,0.010890558203860187,0.010409142906247615,0.0099143597524921304
2023-01-17,0.012575596460733255,0.013220704932962977,0.010115156439075002,0.0097460878513601391,0.0092923795009379959,0.008874762031155347
2023-01-18,0.010369405134854508,0.013665400139895388,0.01157686759887859,0.013031391826502366,0.012558101106274209,0.011994885512490998
2023-01-19,0.010988270381011881,0.013455352284027743,0.010909438162004374,0.011559057725330812,0.011080950032864002,0.010552924197416153
2023-01-20,0.0073251279883574157,0.013215523160882385,0.010326088118783766,0.010467227192002842,0.0098721365572329665,0.0091199958585587177
2023-01-23,0.007555834474551373,0.013208323850940538,0.010143853393637457,0.0096070192366146806,0.0090892462444787832,0.0085404064406768756
2023-01-24,0.0099734751556195458,0.013286534083612975,0.010382272342726838,0.010464391795044797,0.009981123858335321,0.0094745605169728707
2023-01-25,0.011036005432639653,0.013150399655527107,0.0097980736942484287,0.0086486381832433529,0.0082289504600803545,0.0079267328542320849
2023-01-26,0.011818293966586417,0.013091790854591964,0.0098544211445757181,0.0095565085623906514,0.0090241722111596007,0.0084343117783785438
2023-01-27,0.012706564593277769,0.013100402160347503,0.0099169300694033798,0.01017223471964564,0.0096520695162437657,0.0090607000392893492
2023-01-30,0.011708478417287144,0.013328372363916877,0.010449100206593162,0.01069140399045077,0.010262043178896852,0.0098641701703166083
2023-01-31,0.01132456191692318,0.012954686279972934,0.0094767747559297514,0.0090610010583080571,0.0085104914455369635,0.0078902141033962217
2023-02-01,0.011404919071010194,0.013189512476722813,0.010087459463815078,0.011008795686627425,0.010435080190155816,0.0095981546648329866
2023-02-02,0.010171567189895822,0.01317838823530525,0.010395752065258614,0.011801467688725307,0.011160425237196599,0.010194905818012584
2023-02-03,0.0090393129306633579,0.013684747960593829,0.010643947471310766,0.011029766108460419,0.01063546672626278,0.010170486631979508
2023-02-06,0.010071450559488488,0.013437198032570229,0.010125511945609617,0.010838284485133406,0.010373894454329239,0.0097875755584790405
2023-02-07,0.0082285472965403662,0.013050619349907438,0.0096054262006042661,0.010206561104602637,0.0096461990583497012,0.0088265443892535603
2023-02-08,0.006755239094852236,0.013703227373004506,0.010845856913741011,0.011647047781555092,0.011212345225269862,0.01068294798404334
2023-02-09,0.0083015232194231341,0.013610824815507102,0.01030431386293172,0.01021303899432844,0.0098546534288870835,0.009441374384135965
2023-02-10,0.0083114403630509173,0.01339524309694203,0.010335479306803541,0.011010881490877266,0.010511626124425275,0.0098258777426246009
2023-02-13,0.011134337165661494,0.013186672682830771,0.0096327084392768669,0.0092155991757012674,0.00877551814097253,0.0081474415576861647
2023-02-14,0.011149500071059668,0.013446093759499051,0.0099058402263651757,0.0092750582823048506,0.0089262634255717743,0.0084941204379570048
2023-02-15,0.011306539938880875,0.013205880180717588,0.0095069110807615258,0.0095606633849100696,0.0091089003584609689,0.0085067867990063668
2023-02-16,0.010604817651114803,0.01370195821811356,0.010515931962525671,0.010768972321511396,0.010403060090095766,0.0099998967358862888
2023-02-17,0.010654713341115285,0.013305529726081806,0.0097356703166102,0.010170941909989413,0.009710868765803217,0.0091202540996641445
2023-02-21,0.0058422113295315955,0.013905544089481208,0.011148524054980279,0.012004323087180999,0.011617112995004786,0.011201411551991017
2023-02-22,0.0060584779824166633,0.01346360264414938,0.010346960187473398,0.010861904044517191,0.010399654860921962,0.0097891401373327008
2023-02-23,0.006563565640133627,0.013286021421959383,0.0096995881347646581,0.0092999361391271785,0.0088918307837603898,0.0083433790999746498
2023-02-24,0.0084048850739497968,0.013685714292180339,0.010764559729543632,0.011475514654225397,0.01104786752191492,0.010529550201758543
2023-02-27,0.0082719937836748924,0.013319478596279985,0.009731468440806617,0.0093351040185146918,0.0089370229468228573,0.0084128883245025328
2023-02-28,0.010649296975051386,0.013421534992425901,0.0099003425057172731,0.0098602332633251667,0.0094623837321417912,0.0089707292981844322
2023-03-01,0.010534958661396938,0.01234630664867691,0.0099637580928530426,0.010821789173995344,0.01044930497988357,0.0097558926926836226
2023-03-02,0.012974521394928315,0.011930569059554483,0.0089347412523803123,0.0083947940224634345,0.0080845251499147112,0.0074280901189977865
2023-03-03,0.012647492952825386,0.011778531016389607,0.0086170605923639575,0.0076100218978823889,0.0072882035562083104,0.0065871284346328777
2023-03-06,0.012659779668545363,0.012066013758083555,0.0092146439337351671,0.0090647996433832097,0.0087661512122258825,0.0081504429342918894
2023-03-07,0.012895917125095368,0.012692174867813391,0.010637196647162285,0.011950024390278481,0.01162091066375138,0.01102672047174968
2023-03-08,0.013177464393786168,0.012008318302287191,0.0090771472991871688,0.0087943219574314804,0.0085023724720631119,0.007891644177054841
2023-03-09,0.012837158267974364,0.012766794477787648,0.010813292156944739,0.01239941406670471,0.012064756359833589,0.0114750467246569
2023-03-10,0.012255987443030931,0.012959363591445458,0.011659623705304588,0.015021839970235772,0.014459547268668622,0.013562247500616315
2023-03-13,0.012966060926187682,0.012503675506206969,0.010453507253881219,0.011910912187846852,0.011456132820061736,0.010648824955300463
2023-03-14,0.01218173613820929,0.012308442023619597,0.010267586418870892,0.01171065755285527,0.011119755640236621,0.010072414838947424
2023-03-15,0.014129581245104692,0.012832037182158168,0.011264184138891565,0.013577009842311508,0.013069229653867981,0.012212603874545414
2023-03-16,0.011857438567855231,0.012450721976569112,0.010191424495385662,0.0099200815235254459,0.0095200698227536351,0.0087172162568120125
2023-03-17,0.011022146634632583,0.013211604270036098,0.011967004618713957,0.014213802638805289,0.013763776687434183,0.013003748694437191
2023-03-20,0.010191633357821462,0.012643210109545375,0.010428752481553094,0.0098712699770054663,0.0095668680944190065,0.0089165132020303083
2023-03-21,0.0084169237750647552,0.012513407547960849,0.010442400283549964,0.010955239565852471,0.010500080699994262,0.0096415563869291666
2023-03-22,0.0073052823718834734,0.013516008595945997,0.012573529837492537,0.015016581738834075,0.014592241481296665,0.013886602845627292
2023-03-23,0.0076633364746798759,0.012861075572241008,0.010869860049228857,0.010650071959606145,0.010363891553226779,0.0097627228861569635
2023-03-24,0.0094524825329789196,0.012748435019031727,0.010710993547478809,0.010610180976884324,0.010279057410233775,0.0096054773035279314
2023-03-27,0.0095678744612410528,0.01304457136891574,0.011765317246670147,0.01389904194268328,0.013356078707390166,0.012426804505331689
2023-03-28,0.0098348785535450831,0.012866013992761178,0.010758576321008868,0.01027010487046931,0.010051488980094671,0.0095551455390445062
2023-03-29,0.0075135929899386366,0.01269706334948759,0.010639237576637581,0.010254518476293103,0.0098955390347772627,0.0091578701753437571
2023-03-30,0.0072573167254517054,0.012786412236305163,0.010582852290348452,0.0095958443139952613,0.0093716120408886324,0.0088390769558853513
2023-03-31,0.0037013845365118465,0.012626728222585768,0.010447738305711609,0.0098817678864046125,0.0095449009402491011,0.0088368867062638915
2023-04-03,0.0032896619651592331,0.012640728992773853,0.011795037633681145,0.010901089796864953,0.01281527913291125,0.011926776709778462
2023-04-04,0.0028227425007251988,0.012523007085129578,0.011005095166029759,0.010850919458549428,0.0110015340322816,0.010432148942359882
2023-04-05,0.0064355882194461625,0.012468426081389861,0.010627473643293785,0.010637746541376489,0.0099796653491810924,0.009476236861030763
2023-04-06,0.0062914101652283387,0.011934937335631434,0.0094982319505234787,0.0098117687749987442,0.0083961367594917839,0.0078531385378516182
2023-04-10,0.0064759141253469378,0.01168351289956443,0.0093961806564881144,0.0096902107188518646,0.0091051075377036276,0.0084546530369393122
2023-04-11,0.0064813609967253969,0.011674768152764626,0.009308281907611694,0.0096802215601662842,0.0088808124372685617,0.0082655961752738944
2023-04-12,0.0062191063642425227,0.01159759063980729,0.0093861934337805906,0.0097612998836191373,0.0095072890823565993,0.0088597878781051884
2023-04-13,0.0031372435791575341,0.011354963136238962,0.0089099025920187473,0.0090283931627773012,0.0086167748305344995,0.0077680625140453888
2023-04-14,0.0029607841049985087,0.011363368193000491,0.0088382103295999055,0.0094160102814369907,0.0086742821796710005,0.0080431769834205143
2023-04-17,0.0025332912859556112,0.011025010085939164,0.0085716363546199485,0.0089641287903696673,0.0090291838534318561,0.0081842588707907501
2023-04-18,0.0075855156264693054,0.010958923024005416,0.0078015864665640158,0.0087886279631439468,0.0069496352177120645,0.0063770862275756707
2023-04-19,0.0078190415125971684,0.010845315340454341,0.0080142208930499351,0.0087909324160917821,0.0080644942960813246,0.0073420795782659885
2023-04-20,0.011526713691681536,0.010437775974039082,0.0075372600640129517,0.0085271330606278631,0.008258729214458433,0.0074851094280507149
2023-04-21,0.012132205466039532,0.010316272799521508,0.0069927871060360761,0.008139718926532688,0.0069101573473936877,0.006177383982968911
2023-04-24,0.012131654954115827,0.010282740945860083,0.0069523010312297316,0.0080996608401762201,0.0069082370516533927,0.0061633969884740012
2023-04-25,0.011023660097660837,0.011116932894172111,0.009107093911007379,0.0096714507678416616,0.010730261892499,0.009984552657870743
2023-04-26,0.01128741441269897,0.010935774001300832,0.0085295046627470016,0.0090940591257134828,0.009398545091338039,0.0085982435545417027
2023-04-27,0.0077327222001962303,0.010769260764393421,0.0079258204755295724,0.0082064734728374486,0.0076854417895261037,0.0067062530615528033
2023-04-28,0.010613447285477608,0.01097060535846052,0.0080709720938023522,0.0086673973398627858,0.0075848259237276828,0.0068281127686378885
2023-05-01,0.010604498975786351,0.0096907837170147719,0.0082744052693148103,0.0084572742118973459,0.0086366393143514821,0.007836656174590886
2023-05-02,0.0095271816011257785,0.010268481954235156,0.010175202721246555,0.010300477045993186,0.013019232471463651,0.011985006556175834
2023-05-03,0.0092533978573866599,0.010137444894752877,0.0093913011917510347,0.0095192098180719442,0.010910165815736167,0.010023101317195419
2023-05-04,0.0087251895894920033,0.010156626677184425,0.0088266014519489677,0.0089676821619643441,0.0091378555595640048,0.0084514904049645921
2023-05-05,0.0030292799493511504,0.010152985234107924,0.0090678129586973261,0.0089642666799173275,0.009410988050096776,0.0083499982621545021
2023-05-08,0.0033962494865058613,0.010520330835265561,0.0092398723494135741,0.0092347986805805249,0.0092491691237511775,0.0085181448953617553
2023-05-09,0.0040819836192345074,0.010638118244714164,0.0092052378014610709,0.0092234031520595783,0.0089021884291984842,0.0082939606630432951
2023-05-10,0.0064368971124495345,0.010427678830597802,0.0088515596356557192,0.0088321055914066752,0.0082406344732070536,0.0075435733546301183
2023-05-11,0.007694555963984143,0.010331005069798374,0.0089894094184876615,0.0090441695683611493,0.009049458978354942,0.0083325190812120961
2023-05-12,0.0076997691336628503,0.010297641464432142,0.0087787739712177071,0.0088409691725269586,0.0084915847277718427,0.0078237253939858354
2023-05-15,0.0075463400042921252,0.010206056717349978,0.0088067629903361751,0.0088402446458761726,0.0087436027842412271,0.0079669325476169287
2023-05-16,0.0085692638754478519,0.010498992057638455,0.0092122160934439302,0.0092772230512519881,0.0093537537030752658,0.008701562140176063
2023-05-17,0.0074087416615317729,0.010329098016844269,0.009047591402032637,0.0089714715761196606,0.0089756270960287491,0.0080797379256252518
2023-05-18,0.0071678195556564468,0.010448491550092989,0.0091300913638669712,0.0090533896977226941,0.0089410103375742837,0.0081044881402865358
2023-05-19,0.0091688514485379399,0.010671612792141422,0.0091397393168027845,0.0091258949784260752,0.0085544688406131442,0.0079508009824062146
2023-05-22,0.0091686351907629103,0.010630218703432136,0.0090828482403326367,0.0090605176496627374,0.0084615223658521393,0.0078352149832182673
2023-05-23,0.0080480973914443341,0.01072553102395598,0.0097028606576746532,0.0097569841492491718,0.010305229994357677,0.0096525940314857693
2023-05-24,0.008490125352623645,0.010688855610900314,0.0095381051058747307,0.0095654488410258001,0.0098300214089760626,0.0091683970542640637
2023-05-25,0.0099216789627918998,0.0098546085672530578,0.0086476490730399199,0.0087005759516570538,0.0091403546718932752,0.0081852599895994929
2023-05-26,0.008127805042687895,0.009853329036601275,0.0080302587909434429,0.0080595004381730437,0.0071812551737281353,0.0063831815021967008
2023-05-30,0.0081840247993890305,0.010210799556326634,0.0093272656552638947,0.0093752052465553171,0.010375474801974365,0.009462299666014938
2023-05-31,0.0079494209712120609,0.010132941725694681,0.0089650455476701189,0.0090923248914557431,0.0095974574530675594,0.0088354432921987549
2023-06-01,0.0072513436526498165,0.0088133779859430848,0.0081598654176394444,0.0081641989304313441,0.0079272931081815143,0.0071339849340271155
2023-06-02,0.0034636908709674268,0.0085969072324913586,0.0087611309087390395,0.008913145442814489,0.009512277915865508,0.0084803665446147401
2023-06-05,0.0052509852928441991,0.0089747414044293976,0.0079136912555557333,0.0079272493588113495,0.0076740777269731358,0.007044675179329306
2023-06-06,0.0059382843978572049,0.0087488946458514488,0.0080233706718734494,0.0081008208837945964,0.0081322589173272088,0.007381563424295216
2023-06-07,0.0057573533166589627,0.0088586403264078774,0.0087123263278426049,0.0089410212035339175,0.0099145967832718167,0.0090623903160102406
2023-06-08,0.0074991411937325378,0.0085532703917016572,0.0080489038116381643,0.0081649597470454978,0.0083432581975718852,0.007502656422458882
2023-06-09,0.0076107055116962337,0.0087989195140920073,0.0076671125375789356,0.0076603616346872221,0.0071970754661012043,0.0065499004509295428
2023-06-12,0.0068573217935920232,0.0083588426698744146,0.008506344678794785,0.0087534854259965281,0.0096465282113108539,0.0086174599630300334
2023-06-13,0.0066078764573341102,0.0085779996170900243,0.0081856718195202523,0.0083134453163307056,0.0085971237962282725,0.0077300420599901287
2023-06-14,0.0067806558610579958,0.008703041939189084,0.0077076139664989394,0.0077510477758808236,0.0075099695462249759,0.0068230797832441736
2023-06-15,0.0052088466956688008,0.0082726676709477115,0.007213201074968827,0.0072069518114444408,0.0064902344570479968,0.0057248268246617613
2023-06-16,0.0053062220131687588,0.0088801634587633155,0.0079262626014957351,0.0079933180591146603,0.0079675983211950178,0.0073095078990989184
2023-06-20,0.0068207139901393246,0.0090290932841499971,0.0081767287760669532,0.0082550630897280999,0.0083954178878465607,0.0077365066053631379
2023-06-21,0.0064261475288239084,0.0091120904115047901,0.0083883259470546936,0.0084759613914709014,0.008747834794854711,0.0080666435791611549
2023-06-22,0.006464798789873054,0.0082621501319972215,0.0080654979462391231,0.0083194230739673872,0.0090697228449865101,0.0081364818232267724
2023-06-23,0.0076027722756533854,0.0088238897147057144,0.0080634465206108983,0.0082216398738782642,0.00864329287512541,0.0079518004574957099
2023-06-26,0.007396906716381324,0.0086796556204477415,0.0080134415503028533,0.0081799459888754963,0.0085951043128604313,0.0078508176367351329
2023-06-27,0.0056017527372930103,0.0079350934680691189,0.0075626703201366469,0.0077660999500954887,0.0080528715422444851,0.0070953160750080856
2023-06-28,0.0066098228165808971,0.0084496563298672549,0.0075088689781669929,0.0076160254414828019,0.0075448938645159731,0.0068217862255283779
2023-06-29,0.0064709211099268082,0.0081376077164475522,0.0073920287529498779,0.0075582792503251688,0.0076546033049540007,0.0068375826856894835
2023-06-30,0.0039527560626663434,0.0080104099981644916,0.0066487082574528079,0.0066373264872981166,0.0056506941041943653,0.0049326199352128022
2023-07-03,0.0048394564038146065,0.0079328172531897209,0.0070189344012127524,0.0068188134467936333,0.0066847066998554474,0.0059630334763782107
2023-07-05,0.0059851030350257309,0.0078786969381704937,0.0073428363859922123,0.0073114058087824715,0.0077452376180392598,0.0069544354867491602
2023-07-06,0.0059966443481488619,0.0083534632147701723,0.0076964130659661952,0.0075798303793822141,0.0077893021841074087,0.0071470580383557036
2023-07-07,0.0058957145962731878,0.0080925953481056356,0.0076450523229891609,0.0076064151222508414,0.0080865895725324172,0.0073117828847613789
2023-07-10,0.0059903527431420991,0.0080202970555079169,0.007176500041835049,0.0069672867773202234,0.0068587928840054928,0.0061183427978125059
2023-07-11,0.0062278129815014549,0.0079737569208296159,0.0070799909609563488,0.0068261257612964249,0.0065930689152457096,0.0058215641692591549
2023-07-12,0.0051892513511122675,0.0079410812712520009,0.0068883659373360885,0.0065704938887856442,0.0061103705122189005,0.0053556950978193114
2023-07-13,0.0048261079263854289,0.0079537753692152068,0.0069812242204876657,0.0066892344125541892,0.0063300396641578615,0.0055593398333686084
2023-07-14,0.0048180568622838635,0.0081246484438554853,0.0074744103766294003,0.0073397853116996519,0.007503988372346582,0.00676188895959979
2023-07-17,0.0049784311075371235,0.0077419519095732643,0.0069759980660391643,0.0068467727810750858,0.0069366867971034649,0.0061345942968465406
2023-07-18,0.003912732388191946,0.0076273508678308018,0.0069347918703489284,0.0068175850170726672,0.0069691589272391705,0.0060977667397689736
2023-07-19,0.0037851562216400709,0.0077509907222062776,0.0067932007082880394,0.0066080986252291703,0.0064711423810477542,0.0057268097581382842
2023-07-20,0.0037835331505576384,0.0079682616742647802,0.007383082414970806,0.0073657524698598539,0.0078052208572236114,0.0070869132315503694
2023-07-21,0.0057705495535500589,0.0078680765661602436,0.0069635206824776169,0.0067925294706010428,0.0067215661903509728,0.0060008143603825694
2023-07-24,0.0054816960218803433,0.0074127617761253449,0.0067251300184918289,0.0066869361156430534,0.006996128433460278,0.0061254723185389026
2023-07-25,0.0054959057469236034,0.0074698679031446665,0.0064014640246081965,0.0062362489590623007,0.0060633379131290075,0.0053050328114966593
2023-07-26,0.0083335039868061532,0.0073564461823986604,0.0062604206820597967,0.0061366023439736973,0.0060288561555194159,0.0052877816429176133
2023-07-27,0.0078895300094656579,0.0075675443553497972,0.0071326154084890145,0.0072569503436522905,0.0080595307978437759,0.007256606448168005
2023-07-28,0.006882600497101563,0.0073815742196153503,0.0064522877079663454,0.0062853584216692113,0.0061844455807257412,0.0053150657027117333
2023-07-31,0.0078582217143345155,0.0073910492553196788,0.0063219903535521281,0.0061823913690092786,0.0060588245489266515,0.005298871401897387
2023-08-01,0.0079942289171293299,0.0060340589550536118,0.0064419846183424931,0.0063272845217089094,0.0065795235729722932,0.0058298671142679309
2023-08-02,0.0058016620210888563,0.0071383912757467371,0.0077184529546812704,0.0077025270364393167,0.008412721813514738,0.0077637098229740671
2023-08-03,0.0056601845541522462,0.0066890170135664225,0.0074486655183937187,0.0074978188195271526,0.0086932053893162952,0.0077723809195346868
2023-08-04,0.0052911358806224116,0.0067400560063990153,0.0072693089767966327,0.0072074710969758302,0.0078058873826783448,0.0070297781677401867
2023-08-07,0.004353370931058957,0.0065298563587437956,0.0068051254914419388,0.0065817510996705932,0.0065736952527200689,0.0057188364437852843
2023-08-08,0.0065278296629773793,0.0069014765383360764,0.0073631403167093937,0.0072642108155959511,0.0076990906212401154,0.0069571331994157208
2023-08-09,0.0066680590422593892,0.0069465791980412974,0.0074765324925746158,0.0074177218563014086,0.0080203845340007431,0.0072806550182287176
2023-08-10,0.0074926007119020914,0.0065148025498360899,0.0068896923459204522,0.0067405788461212509,0.006950596145028189,0.0061742771555172646
2023-08-11,0.0074911502888367421,0.006527806731930862,0.0068547050255817442,0.0066841676260782782,0.0067673114647393302,0.0060304537211599285
2023-08-14,0.007646433029656145,0.0064275809388697983,0.0067002685647650001,0.0064867108992123501,0.0064517475976314442,0.005646432317946609
2023-08-15,0.0056991213490508834,0.007061523781630618,0.0074429275218787644,0.007322581344652036,0.0075275720658296574,0.0069436312181339367
2023-08-16,0.0067946474641941102,0.0069961125369719882,0.0072856364011908425,0.00710792330963236,0.0070922170406719663,0.0064866577950203914
2023-08-17,0.0085684905438708023,0.0070776522433408815,0.0075463623011570082,0.0074574198109381082,0.0079060877238505637,0.0072142314544202503
2023-08-18,0.0091237720853615829,0.0068318340748505877,0.0070983161144457145,0.0068891409090487774,0.0068395755439211361,0.0061213030976485939
2023-08-21,0.0091007310700102553,0.0067982938436925979,0.0071880998309974131,0.0070235324351352098,0.0073160038137003239,0.0064405077196931729
2023-08-22,0.011069953436261586,0.0069358738618149843,0.0071724208899427043,0.0069557796404996798,0.0068210778983745571,0.0061693464660946516
2023-08-23,0.010069093741165967,0.0070934462659749883,0.0074767724483088584,0.0072903476085543701,0.0076040693010946143,0.006664444096681133
2023-08-24,0.0079285549031255474,0.0081125404890850308,0.0086389317748504033,0.0085787959781519953,0.0092085879836872088,0.0085997384528350412
2023-08-25,0.0073270732478135561,0.007336248417414688,0.0074472747065654184,0.0071325160898960101,0.0067421177160832176,0.0060085460056146494
2023-08-28,0.0070318090444126766,0.0074821856410033413,0.0075355313768213725,0.0071914618400356466,0.0066581690197893648,0.0059671492712745581
2023-08-29,0.0041657936772540932,0.0078497704875088309,0.0077300528865448439,0.0072697096401406498,0.0063488826055887772,0.0056265411430212603
2023-08-30,0.0039832017862439957,0.0077243340870655434,0.0077402459602497016,0.0073796532709369672,0.0067544690057928132,0.0061204314326031625
2023-08-31,0.0039862192182356085,0.0079413625418311186,0.0083660112120126501,0.008221728908537479,0.0086356159681232024,0.007881926017348273
2023-09-01,0.0048774107637038124,0.0079127754853308644,0.0086071806027228168,0.0083456701888273491,0.0088103716446071914,0.0080657028022968636
2023-09-05,0.0051077441022042295,0.0078296432776269291,0.0086011425707721613,0.0083566795688763858,0.0087762320120724283,0.0081205351198262825
2023-09-06,0.0041546815761616118,0.0078360200427688674,0.0084996044000489185,0.0081807556688214631,0.0081381925883440114,0.0076042393493476017
2023-09-07,0.0054873921031024109,0.0077030420961318406,0.0083096159611745681,0.0079692690398939781,0.0078819768399471194,0.0073049993274659913
2023-09-08,0.007684001080519684,0.007545396437513922,0.0078964375405960428,0.0074198497433352415,0.0066744022254688886,0.0061607077467340622
2023-09-11,0.0071076631716477812,0.0076584903427412213,0.0080290186558578114,0.0075886437361114122,0.0071582102771804096,0.0065190811153967472
2023-09-12,0.0067326833923122128,0.0079044184006545389,0.0086410058770409158,0.0083726643494516223,0.0086387324226572075,0.0080300101035968123
2023-09-13,0.0078814497135760598,0.0073428546858777966,0.0078011916674575552,0.0073817557066265301,0.0069340881242295361,0.0063625227999930794
2023-09-14,0.010145456634616168,0.0073072238938323032,0.0077563923561130808,0.0073625289469542877,0.0072158474943971188,0.0064867505832798787
2023-09-15,0.0086347197371097559,0.007873294531497519,0.0087443700538513709,0.0085266955015887904,0.0089260107034871295,0.0083785071899578536
2023-09-18,0.0088324177386252724,0.0076098665736859797,0.0080850103131292258,0.0076798994989050766,0.0073112396903775899,0.006738147450007656
2023-09-19,0.010998159111810112,0.007522306424657843,0.007956948373549079,0.0075140611403753787,0.0068750670703094712,0.0063876759810867646
2023-09-20,0.010194676469325023,0.0079700911982422962,0.0087506121936742724,0.008493994237406037,0.0087463221671510612,0.0081912798203658075
2023-09-21,0.0074202538499266221,0.0084996967900617774,0.0095811374316704338,0.0094849848116283202,0.010484478934869899,0.0098951986543860185
2023-09-22,0.007431523898955978,0.0077233258320879156,0.0082941737586900519,0.0079366513151167897,0.0077736779993084039,0.007200915769201283
2023-09-25,0.0071928596113353394,0.0076185349569267893,0.0081926802564118179,0.0078621893304979835,0.00798374099787744,0.0072679435280735326
2023-09-26,0.0066521718534855332,0.0081985426267646416,0.0091178663001372142,0.0089256621039685066,0.0094223694553238063,0.0088989406956024517
2023-09-27,0.0073992227945646966,0.0073507722930545773,0.0081189762432145336,0.007880670385125195,0.0084144735915033676,0.007662957600666322
2023-09-28,0.0069349754852487573,0.007268028310428329,0.0077975915340794417,0.0074384521246260065,0.0074200246118956746,0.0067023442914065437
2023-09-29,0.0086472629154560089,0.0072971785732231058,0.007856545086282125,0.0074805318194011644,0.0071914821748140208,0.0066357815116185447
2023-10-02,0.0091043489314735111,0.0071485306542242132,0.0080119614503576242,0.007519866118146484,0.0082286761817126838,0.0074252036880289203
2023-10-03,0.0072080040132835015,0.0081218145315151563,0.0087894582192628024,0.0084613574907165031,0.0094845457771114937,0.0088170905031137725
2023-10-04,0.0066909195087296964,0.0076054040302753929,0.0090986776367098267,0.0086640384685002288,0.011103390267088981,0.0098074484672104802
2023-10-05,0.0072262658649097436,0.0076328775599037689,0.0083755261101814624,0.0078769249103985035,0.0082551668469154106,0.0075305253446644321
2023-10-06,0.0054169703829730362,0.0074591787674765566,0.0083408600239204232,0.0077102191179606542,0.0077698116725102183,0.0069329420269822794
2023-10-09,0.0065656365108302502,0.0078447378565227027,0.0088633327384393789,0.0083470537385929369,0.0092726331916546841,0.0083285951897676611
2023-10-10,0.0061414859476447235,0.0077917326677481927,0.0084774679650392454,0.0079022372239491538,0.0077660046356330704,0.0070747617396521726
2023-10-11,0.0083884953918082344,0.0079987066330446926,0.0088436988373037668,0.0083254061607642583,0.0088316652468829384,0.0080166251629540004
2023-10-12,0.0088580199106615531,0.0083147481677554955,0.0090026761496484961,0.0085932097732183289,0.0092569914141571192,0.008562276261674058
2023-10-13,0.010200583736579351,0.0083179833190269812,0.0095842540705136803,0.0092856175702767507,0.011838792572825963,0.0107079744558381
2023-10-16,0.0090963850421699344,0.0075894024711976619,0.0085628207230210654,0.0079743444273377879,0.0084496257932480529,0.0075418616841928408
2023-10-17,0.0096967605317036156,0.0079991181003672453,0.0086197952405399937,0.0081056411539314061,0.0081104319271070938,0.00746813158990914
2023-10-18,0.0099915702210304855,0.0090818820869964807,0.0098635489334080017,0.0095986576631748501,0.011162440357521538,0.010385434147756537
2023-10-19,0.010643325661324339,0.0084527559294085772,0.0094249352937927303,0.0091170264151109216,0.010935670051130253,0.010026444666497863
2023-10-20,0.0093184783337178292,0.0087374026558708594,0.0092621813567428535,0.0089142923770047979,0.0094855340961668283,0.0089091975943091598
2023-10-23,0.010699601497050867,0.0081819447287471998,0.0089460599402146901,0.0084918835429366214,0.009118177260993135,0.0083651481550593484
2023-10-24,0.010537443227646867,0.0074721936720270827,0.0085021326827728581,0.0079586650667646912,0.00879071250465213,0.0078462471846510416
2023-10-25,0.0095785653892375578,0.0091166476501640618,0.0099468983059489199,0.0097071782610360403,0.011506307435382043,0.010692929153906362
2023-10-26,0.011610099186303376,0.0091106417374248929,0.0099232886888365839,0.0096488679128729337,0.011236868541171167,0.010434509437414658
2023-10-27,0.01213107117399401,0.0086638336078754593,0.0094307623140882854,0.0090326765830155004,0.0099233700327299133,0.0091590672728856064
2023-10-30,0.010953062487064364,0.0082779894853181428,0.0093090519233590911,0.0087432173391693221,0.0094386451749720775,0.0084691088587734789
2023-10-31,0.01066515137672961,0.008231627073494072,0.0090316106390247401,0.0084854947662338087,0.0087419346634836255,0.0079528457801332549
2023-11-01,0.0095575126374838806,0.007999615572138059,0.0089869549968856592,0.0083040083348060924,0.0082146568326997502,0.0074400568885182507
2023-11-02,0.0056155388901387437,0.0081488190757958833,0.009289596807521722,0.0084868337959794829,0.0079456896794075881,0.0071450333297822279
2023-11-03,0.0079366310737878608,0.008863497639610432,0.0099177738806440485,0.0093430699275694837,0.010014629492696407,0.0091171518224825252
2023-11-06,0.0078813646766761458,0.0088290155549082486,0.0097651851365837955,0.0092226168660761217,0.0092142583531715765,0.0085509690487389906
2023-11-07,0.011590663692688316,0.0092616601652828149,0.010255773102738844,0.0098176782091318089,0.011182594805501588,0.01023789422892642
2023-11-08,0.011624576437390418,0.0090362251323861352,0.0099695976462125507,0.0094929928070486662,0.010063037904543637,0.0093070858208443279
2023-11-09,0.011098212430586922,0.0093327670345391481,0.010154368378980273,0.0097770474531485053,0.010138631523965189,0.0095502935002873164
2023-11-10,0.0086906399097056702,0.008598688701716109,0.0097294762286912629,0.0090158091712068955,0.0088922665841387506,0.0080618273370078597
2023-11-13,0.0093330411916934062,0.0090591238490714907,0.0099648977361435492,0.00946033029504912,0.0092939192893958921,0.0087116047744098899
2023-11-14,0.0037702328610331169,0.0092937627510740438,0.010562549536832571,0.0099221314234131837,0.011071981363223548,0.009937916257808552
2023-11-15,0.0040360661281376832,0.0091830747479386618,0.010153312127480709,0.009632657470665636,0.0096733877406687263,0.009006723820269109
2023-11-16,0.004008337526172019,0.0095843686425347782,0.01058615132441317,0.010203038137057139,0.011888415160406196,0.010905428400568381
2023-11-17,0.0040506194737632666,0.008889656181848532,0.0098170891481854632,0.009349091197224246,0.010243407758549426,0.0094127634064098756
2023-11-20,0.0022006937836128062,0.0081762943898371371,0.0091325074123920352,0.0084735267560976275,0.0081058973150481047,0.007431614180588215
2023-11-21,0.0019975019986944111,0.008712640015599982,0.0095622514668875155,0.009065890748377041,0.0090539146985240525,0.0084538974827905664
2023-11-22,0.0020270115776126088,0.0077799448426679862,0.0086319553356130931,0.0080118574891221966,0.0078448649331539534,0.0071798149765621745
2023-11-24,0.003315325509472093,0.0074426841283740143,0.0082065069176045259,0.0076278305947251905,0.0077593958576591725,0.0070761628884121863
2023-11-27,0.0039851929019545426,0.0075534323335936264,0.008289609393388183,0.0077669632478576892,0.0082450478846843936,0.0075272375538543417
2023-11-28,0.0039615243563136549,0.0072650902709248174,0.0080167776507818859,0.007430187944131552,0.0076334477613820284,0.0069283475444790257
2023-11-29,0.0043423046646962095,0.0074216352071642192,0.0081618591774831779,0.0076096588462327133,0.0079260231099317797,0.0072238711649061631
2023-11-30,0.0052272039307141643,0.0074065518280794738,0.0082241939724017384,0.0076674591702597921,0.0087396773529417101,0.0078180332069654659
2023-12-01,0.0049036597306946232,0.006687928201978317,0.0075427082717028603,0.006856163622924843,0.0082293151640069322,0.0071874352508668237
2023-12-04,0.0046389271886390342,0.0071795887777308179,0.0078835617300083947,0.0073079416332444483,0.0084837898397320151,0.0076422083375735587
2023-12-05,0.005066067280445891,0.0069616571940222943,0.0077324357257175427,0.007095418768957161,0.0082124692260568295,0.0073097754985101881
2023-12-06,0.0077407575413157501,0.0074694250701329342,0.0082832130987983699,0.0077897828871356682,0.0098192725238067623,0.0087945284534982054
2023-12-07,0.0071004554924312775,0.0064698286200549921,0.007288364775513023,0.0064622598981039616,0.0064442123788304205,0.0056541982765987917
2023-12-08,0.0068759828486676432,0.0066267533048524081,0.0074230243010329601,0.0067123115836090815,0.0076870350366027469,0.0067460313211664584
2023-12-11,0.0071104208615550861,0.0060349449111812056,0.0066764536421556053,0.0058683011811074756,0.006209745573922126,0.0053917453291683053
2023-12-12,0.0073318226606426421,0.0063642127470790975,0.0071218203516034565,0.0064446382578709606,0.0081715371846699282,0.0070720127477981731
2023-12-13,0.0074285794485186036,0.0052432956231233847,0.005942544194270382,0.0050304736714277733,0.0058654121473226154,0.0048014627886410199
2023-12-14,0.0084227452491381777,0.005882189403074398,0.0064958186891429862,0.005769920431971616,0.0072777704785373853,0.0062329685748189886
2023-12-15,0.0084383394583091818,0.0059102414987212857,0.0064021330196833322,0.0056498132279169102,0.0063171899590367684,0.0055076813147329762
2023-12-18,0.0082742748870869368,0.0055819088253671236,0.0061642921741302753,0.0053161985438909551,0.0058165581513870915,0.0049358304838398506
2023-12-19,0.0078591027747819588,0.0054796744478877429,0.006047053858436657,0.0051767315678495586,0.0055486395882388502,0.0046858032170672475
2023-12-20,0.0047802313794707129,0.0072763348706951052,0.0078013895346727936,0.0072993110600734282,0.0084764237380038944,0.0077552124143794483
2023-12-21,0.0025921047633458818,0.0061825903846607164,0.0069862229569288238,0.0061515885464685175,0.0065223613121142693,0.005624724683513993
2023-12-22,0.0034945906998923686,0.0064392871302251589,0.0071251572638845219,0.0063521837568252821,0.0065136361155903408,0.005763822700734905
2023-12-26,0.0047021393474900412,0.0063323309398532947,0.0070466339500622199,0.0062542756717535748,0.0064984158231018926,0.0057001067468874303
2023-12-27,0.0048517330369824384,0.0066210836269221338,0.0073579506458908428,0.0066622085354717106,0.0075966492762087213,0.0066976523170487363
2023-12-28,0.0048872769676613853,0.0067035240794507903,0.007428455503766457,0.0067607334674365596,0.0078263209950241094,0.0069219438329764472
2023-12-29,0.0078987987573012289,0.0067141363688741993,0.0073521642889313081,0.0066543680298477032,0.0070039886039771817,0.006288095488126858
2024-01-02,0.0075201522605692081,0.0070809623931111674,0.007371054744685409,0.0071529990746454037,0.0078577125203486229,0.0070960343752749918
2024-01-03,0.0070330894149630138,0.0080315478369199431,0.0080967524695497589,0.0082514776425928055,0.010900199810161744,0.0098060899279281757
2024-01-04,0.0068863221785707305,0.0069167484089720024,0.0073667325897689116,0.007034125873682873,0.0071827906078454351,0.0064952469110645967
2024-01-05,0.0068660507269764663,0.0068396240946856767,0.007263495592388626,0.0069798801029145735,0.0076190775834214415,0.0067673080228058142
2024-01-08,0.0031083302314175647,0.0070157771586825913,0.0075596822532813159,0.0074058851807034341,0.0093024397779868546,0.0080229067151014501
2024-01-09,0.0039261889843264751,0.0072192483560368425,0.0077139836111583338,0.0074597959949112636,0.0080899456290588461,0.0072883827424514019
2024-01-10,0.0049730331581753417,0.006683224465752269,0.0073616864466785129,0.0069308754832289399,0.0068944035001260017,0.0061143003232432191
2024-01-11,0.0074424741346975267,0.0071247324975635398,0.0076586804244328146,0.007367014974258821,0.0078344858017058878,0.007048321737116673
2024-01-12,0.0074957825512879045,0.0065340222102852541,0.0070153731354593825,0.0066028744112599392,0.006502498560250875,0.0058017179141033621
2024-01-16,0.0074281485819039815,0.0070170517776255523,0.0073663524400268288,0.0071175544779732312,0.0077287553386695528,0.0069572289313514701
2024-01-17,0.0070144121382859411,0.0072449835664129391,0.0075725180705257644,0.0073783947815757494,0.0081977712941965885,0.0074160130187179221
2024-01-18,0.0062777092050134882,0.0065521141129194355,0.0071627248130698672,0.0067744992373708441,0.0071443929070289366,0.0062352038540751777
2024-01-19,0.0030057678838138332,0.0064465891919934237,0.0072504228717471236,0.0067577067662500864,0.0066673036058970212,0.0057981439719116141
2024-01-22,0.0045372759741561918,0.006713708734956623,0.0070852500004631594,0.0068067747494866045,0.0075289972918787373,0.0066476029244927001
2024-01-23,0.0043601048560718758,0.0063274985337600535,0.0067174915095961013,0.0063287175574503916,0.0064958474306817844,0.0057061673520857953
2024-01-24,0.0085384339135069886,0.0066763732608943792,0.006954515015920165,0.0067099245046102372,0.0075993054778194583,0.0066981024355791717
2024-01-25,0.010041772775543819,0.0063069854479290925,0.0067161350310926118,0.0063399886451677313,0.0066872043896822782,0.0058257816804205206
2024-01-26,0.011065655436458108,0.0065510535254209041,0.0068956230540794788,0.0065473040785867234,0.0067465600309504579,0.0060139099500363443
2024-01-29,0.010614405612123352,0.0063978211016579665,0.0068579147220050691,0.0065059023657454904,0.0070798589375598601,0.0061403318026830855
2024-01-30,0.010687683058068869,0.0067466742619916777,0.0070755499024138637,0.0067977253942250477,0.0074015724374818723,0.0065851084103948363
2024-01-31,0.0085960033955654689,0.0083733593386265542,0.0086031130428487167,0.0086558141286331297,0.010303799336775221,0.0095327072503029568
2024-02-01,0.0063335285550568388,0.0067313092068270845,0.0075168423462402181,0.0072892274968701992,0.0083965133978209684,0.0073286891060104237
2024-02-02,0.0049820537772305206,0.0069066166237297943,0.0076813373752154922,0.0074722411336345489,0.00857199622034867,0.007543264579417128
2024-02-05,0.004711482219793681,0.0076245276770735438,0.0082099567623405909,0.0080644429711679896,0.009026207040669549,0.0082304615530162835
2024-02-06,0.0076802348082546891,0.0068825653242455542,0.0075107476191431065,0.0071112834982465798,0.0074142470944581953,0.0066468541686643479
2024-02-07,0.0078457777237165953,0.0065448535714279239,0.0073362751078157465,0.0067776991457626987,0.0066684207798351682,0.0059027214101129623
2024-02-08,0.0084245711409673251,0.0072532233644250739,0.0077636069978371169,0.0076249456029246253,0.0087437187767608129,0.0078547957354068183
2024-02-09,0.0083256281341054783,0.0067124968946576415,0.007435911686509979,0.0069489907261111152,0.0070208737105693217,0.0062570320159694125
2024-02-12,0.0086817738267485275,0.007105745046729864,0.00769508670857268,0.00733996852788897,0.0077046991411231277,0.0069745736814296839
2024-02-13,0.0060883971782095649,0.0084793083832007312,0.0089177319692148697,0.0090502426869606654,0.010674092095658644,0.0099017086011460604
2024-02-14,0.010228485103661988,0.0070503923196868117,0.0079813885718851979,0.0076457365139575312,0.0082499353752919988,0.0073410244910530184
2024-02-15,0.0097601631423921663,0.0070579223268559107,0.0079591586876869621,0.0075659278545876498,0.0079286512118250836,0.0070974567915404775
2024-02-16,0.0096420200824584752,0.0076010947373361922,0.0082271376103245312,0.0079667178788685854,0.0085039352285089624,0.0078102219256483999
2024-02-20,0.0093574464692951428,0.0076740476382734547,0.0083528027167734508,0.0080638446867494877,0.0084788901903350717,0.0078177423996356604
2024-02-21,0.0093673714206053069,0.0072440842316330283,0.0080770378742359705,0.0076209407250700245,0.0076284560713372812,0.0069525855956495738
2024-02-22,0.0025301890576334449,0.006772633159580186,0.0082708628082981388,0.0076595920085241759,0.0075325602247036764,0.006606293272651961
2024-02-23,0.0048754697442140033,0.007915050338409094,0.0089885773728230131,0.0087200763465101819,0.0092718816456398758,0.0085020119789572888
2024-02-26,0.0046160535767176287,0.0080469299318416121,0.0091088144123912512,0.0087525284063393084,0.0088978166063809431,0.0082703586149259281
2024-02-27,0.0063872570797061136,0.0076954808227719098,0.0088319776999267567,0.0084035772104803542,0.0084481147910654055,0.0077589586992153235
2024-02-28,0.0067495626003871902,0.0078927482191362749,0.0089614592056872638,0.0085968258080478342,0.0087788227678940699,0.0081093746912301659
2024-02-29,0.0079053327268346907,0.0070052173565673739,0.007909383188091125,0.0073372150133839392,0.0070212747401839498,0.0063686153217609506
2024-03-01,0.0072304702593692718,0.006483259597360601,0.0074523669699676784,0.007031959931740786,0.0065499590496516519,0.0058868692197642774
2024-03-04,0.0072247832400176137,0.0073443945697988997,0.0077877528447241572,0.0076328731151534147,0.008140470997863504,0.007459559097848097
2024-03-05,0.007410603840467129,0.0081770385106740857,0.0084566886030080085,0.0084584568504183291,0.0094651562864422282,0.0088370660244392416
2024-03-06,0.007092237166393108,0.006773999526181811,0.0077329956375200085,0.0072901776037830428,0.0066389184402442739,0.0060770850007142449
2024-03-07,0.0056186716502250825,0.006564968932070479,0.0076552056093586226,0.0072576449034032538,0.006852012108235099,0.0061673608314808505
2024-03-08,0.0058151824239728311,0.007901548877465879,0.0084831004538576584,0.0083739139218359654,0.0089432416442309388,0.0083332257549304407
2024-03-11,0.0063789217872095069,0.0072807406049820575,0.0081281394639627705,0.0077639249796805469,0.0073427989788413008,0.0068340093404797488
2024-03-12,0.004892371558607899,0.0067946273742946692,0.0080015216419765198,0.0077350456352422142,0.0078496078108568831,0.007056700286863329
2024-03-13,0.0063557716048644455,0.0074731869481036934,0.0079171752476151578,0.0078182392431567424,0.0085424388036565279,0.0078296558025214603
2024-03-14,0.0064645098961057853,0.0075023606266248367,0.0078559359634487128,0.0077955732816744217,0.0086873462671170389,0.0079493974535874996
2024-03-15,0.0057458088399897104,0.0075936099150370161,0.008001262541073955,0.0077353745148003904,0.007692373621042076,0.0072078112240943331
2024-03-18,0.0052462253065194983,0.0068421359065124945,0.0075419619697887109,0.0072993221281004786,0.007529102087454425,0.0067877301914990827
2024-03-19,0.0046972559453288196,0.0066053680428905664,0.0073494609924912597,0.0069209032203150968,0.0063826057441161788,0.0057897373586009698
2024-03-20,0.0043725177560655897,0.0067101755796560286,0.0074793734120651417,0.0072827760598440563,0.0077455759589942618,0.0069082777597544451
2024-03-21,0.0041169478894821122,0.006499302563966006,0.0066168943747607137,0.006292486549800416,0.006267342835285533,0.0056099422207908775
2024-03-22,0.0041031065041595097,0.00700545556090612,0.0069129336652656408,0.0067454799486909561,0.0073017903096532673,0.0066198334364682108
2024-03-25,0.0048416255166068914,0.0069999402399501644,0.006893101987675598,0.006686417622534596,0.0070708788002572095,0.0064347010301945388
2024-03-26,0.0047957099889438309,0.0067934328879828941,0.0068175985970620771,0.0064683757649121191,0.0062659761471225948,0.0057244722313624982
2024-03-27,0.0062575555476514638,0.0063717379607386359,0.0066596047370981295,0.0064258016088366747,0.0068258066360968187,0.0060088266211368799
2024-03-28,0.0077942883062469487,0.0068735785065276687,0.0069436841320241237,0.0067043667194777983,0.0069674965877612209,0.0063134481192679108
2024-04-01,0.0077593253239966352,0.0072013477567323767,0.0067458648234624483,0.0068490015704421054,0.0075804031131521737,0.0073129083701454645
2024-04-02,0.0072344852423355185,0.0075718916493394111,0.0070787837293566983,0.0072684228353990703,0.007956005778813946,0.0079688711919082937
2024-04-03,0.0085059870622573933,0.0066280410890721285,0.0062820461470576095,0.0059289270988690072,0.0070802076720076082,0.0052239719870315147
2024-04-04,0.0073138037987847543,0.0078995306694847715,0.0073615057389638935,0.0074971167858116066,0.0082992919123249798,0.0080862147387174184
2024-04-05,0.008398048598458269,0.0062434901479271167,0.0065699863884269311,0.0063869343361764282,0.0070747426731142295,0.0059897914672365432
2024-04-08,0.010112048974514863,0.0067427986186271065,0.0067203570998412071,0.0064237453737649728,0.0074155521169417486,0.0058188187282713182
2024-04-09,0.010131762415817159,0.0068373162578026711,0.0067336484577916189,0.0065968825536136342,0.0074436479783410326,0.0064023008151312113
2024-04-10,0.0094574916797790648,0.0079948758119309515,0.0072605858289220846,0.0076877501731944797,0.0082325576914599966,0.0090282826638101461
2024-04-11,0.0088874831654531961,0.0064373716113638648,0.0066933260054909223,0.0065282465957827596,0.0072413477091378305,0.006194586118230253
2024-04-12,0.0074646647564267895,0.0080484877333903034,0.0080194199156164176,0.0081517126947775759,0.0088049797817960455,0.0086690682834476788
2024-04-15,0.0063827205871767921,0.0081019116685948772,0.0082969637514951153,0.0085604547701364497,0.0089948428078774293,0.0093730490295891138
2024-04-16,0.0082404599164839238,0.0070280236012596024,0.0077053690445407583,0.0074839574144238714,0.0081889515022439095,0.0069811173422474988
2024-04-17,0.0078040754382737382,0.0075708253938996297,0.0078717935876885092,0.0080075806698779763,0.0084916844082214629,0.0084647357090660066
2024-04-18,0.0079342687759007893,0.0069240522137122753,0.0072912459851675066,0.0069676359177743789,0.0078811932537247512,0.0062506541115542255
2024-04-19,0.0080848648109594426,0.0076341784221107154,0.0076297324002925198,0.0076633380336655395,0.0083736755144193167,0.0079137810583746436
2024-04-22,0.0071454734967296681,0.0065118745981262195,0.0073951507419770914,0.0073681668932322761,0.0077223509068513729,0.0072917603662265408
2024-04-23,0.008615134515515847,0.0061222402329136599,0.0076869280122846221,0.0073360778374615479,0.0077888199469860345,0.0063469268524979933
2024-04-24,0.0087344852296869242,0.0068813782946225352,0.0080888437897496772,0.0077426420507859788,0.0083967148682992186,0.0068511010914593003
2024-04-25,0.0095251230035989006,0.0072135078305290336,0.0080083682401983422,0.0078405415302003276,0.0084663188044028226,0.0074625454941596465
2024-04-26,0.010163552292917195,0.0062376587892125357,0.0078175838570960759,0.0074233369176750202,0.0079339793339932539,0.0063305116915233391
2024-04-29,0.011041214288350613,0.0067410407444962383,0.0081085989124808858,0.0078787540170786891,0.008329995449975449,0.007245400569482573
2024-04-30,0.0084354309831848572,0.0080420566420390093,0.0091954596449169545,0.0090426389506030914,0.0096269957993451432,0.0086917045059799816
2024-05-01,0.0083091880728548301,0.0076862366310807926,0.0088315200856007303,0.009061139175073939,0.0091072428715223072,0.0092905914891538502
2024-05-02,0.0076361118050324757,0.0067261502701821884,0.0083360430952807551,0.0082082556536293635,0.0082378441027927893,0.0074912320773828939
2024-05-03,0.0053187243618488464,0.0065359862852263952,0.0083296455705849214,0.0081354786247791952,0.0081452679293962296,0.0072248879469778661
2024-05-06,0.0026799860065435635,0.0065219251672641093,0.0085999182043967493,0.0081544564980348053,0.008126563306527175,0.0067220068397593428
2024-05-07,0.0033361801583804661,0.0071327057142951842,0.0089280146496477156,0.0086252087785109177,0.0086096316689702659,0.007632979692626907
2024-05-08,0.0064359000379279599,0.0071543666791458373,0.0087422980489333009,0.0084650379157031053,0.0084840009588700686,0.0075581134403539555
2024-05-09,0.005972193504186327,0.0068374340669676795,0.0085075019965224433,0.0082387919679094441,0.0082588451053915539,0.0072694189202253453
2024-05-10,0.0059789848827299791,0.0070728365869131005,0.0081926300154378309,0.0080656300721655538,0.0081647119741129395,0.0074989878814306415
2024-05-13,0.006000816582169919,0.0070064856527894794,0.0077422447574391207,0.0075939138021647833,0.0077656939980208263,0.0070336516737398713
2024-05-14,0.0057461961340197253,0.0067404150414098335,0.0075783200645237921,0.0074055361321545615,0.0075738604955620471,0.0067279352917493148
2024-05-15,0.0020950355025319231,0.0060364582754710884,0.0073260312986941425,0.0067525667440097416,0.0068957526101643034,0.005101929721877633
2024-05-16,0.0037801409893497787,0.00703667431291177,0.0078514455895748302,0.0075600198362882325,0.0077231423287410176,0.0067235438769614481
2024-05-17,0.0047512710557129009,0.0068866391112477601,0.0073976768364424125,0.0072824880671618023,0.0074987180381196703,0.0067952726715481354
2024-05-20,0.0047336052877218282,0.0067720314682196145,0.0072886661207278288,0.0070261023655782857,0.0072542975961328391,0.0062361368607945309
2024-05-21,0.0055751902860719932,0.0066336614828120801,0.0070036096949899485,0.0067270761236770827,0.0069890665736672495,0.005905140621675597
2024-05-22,0.0061870723022542399,0.007129022783470179,0.0072850634656659767,0.0072624498571758327,0.0075250062750425121,0.0070559809785771411
2024-05-23,0.00663121931214182,0.0074318359823058204,0.0075965542982523639,0.0076009580510557678,0.0078452706896330188,0.0075068551769142565
2024-05-24,0.0059504762770812309,0.0064031360371056868,0.00698170695179633,0.0066633603480231686,0.0069019938011540228,0.0056819477914538752
2024-05-28,0.0059632408791418009,0.0071687450830053619,0.0072850064579885413,0.0075636932818080056,0.0078167177494977268,0.0079403176172682926
2024-05-29,0.0073214216133793619,0.007076150448048814,0.0066869547419654771,0.0065087156845014807,0.0068784533622857583,0.0060833285975939386
2024-05-30,0.0066890355041695692,0.0073958185810358732,0.0069163107954227686,0.0071455892459353944,0.0074954087180056778,0.0075696971952562515
2024-05-31,0.0053476371338108553,0.0063718444164822738,0.0063485806956560444,0.0063684117254715865,0.0066992880250652722,0.0061133467209872963
2024-06-03,0.0055106876825331049,0.0072841861339732767,0.0062428990466927674,0.0069307229659951826,0.0074129401862505079,0.0080364946834497446
2024-06-04,0.005592428279424657,0.0067452639141860199,0.0058295804203812107,0.0060224697580914463,0.0063834208273700187,0.0062532786658901929
2024-06-05,0.0040911052382230639,0.0059216168629959379,0.0056279266530016017,0.0056061168833487452,0.0058378984307289362,0.0048815559305307229
2024-06-06,0.0041888287682816071,0.0067311741507254837,0.0062367325195608484,0.0062857106212689806,0.0065564555718138646,0.0062294786542665213
2024-06-07,0.0041622677664279739,0.007046007699444426,0.0063184889080036329,0.0066202255574552733,0.0069764538370659917,0.0070925701288957303
2024-06-10,0.0052905245330750533,0.0067677202060701068,0.0061111888650712785,0.0064021188140290994,0.0067475885469035438,0.0066571424785540441
2024-06-11,0.0053028261352832612,0.0064134669054376333,0.0060476958107648429,0.0059297726896890661,0.0061482386267433502,0.0054604057431884394
2024-06-12,0.0040272967446600026,0.0060012548028413283,0.0058578165211398397,0.0056707875492484888,0.0058453873796091137,0.0047896254481137697
2024-06-13,0.0039711248562817021,0.0065627193865509898,0.0058140407728577686,0.0058674106162403938,0.0061758277439396461,0.0057880487703777421
2024-06-14,0.0042209000498690296,0.0066909515276853326,0.0058563851700833584,0.0059570830115722884,0.0062870637782181209,0.0060362887776845443
2024-06-17,0.0028638770515926589,0.0063917460373807897,0.0056740539450828766,0.0059167137616634481,0.006262501699132875,0.0058973111633379323
2024-06-18,0.0026880063478466952,0.0063127033505964002,0.0058456327561760184,0.0056584936609492048,0.0058768723406900448,0.0050891542366239759
2024-06-20,0.0024983756829138727,0.0068520449798287961,0.006218620044753642,0.0062392481843755385,0.0065227696456143331,0.0062810867872927032
2024-06-21,0.0029985516899278001,0.0066903616928019709,0.0060941745530916167,0.0060427252861337544,0.0063063866622620011,0.0058960418248561967
2024-06-24,0.0027778860205123625,0.006853801843451416,0.0060029080621180177,0.0060262552966720588,0.0063409595818640545,0.0061434814946256496
2024-06-25,0.0037092919284941557,0.0064252358251624146,0.0055808915102169938,0.0056313116411583685,0.0059533283310282455,0.005489939259000454
2024-06-26,0.004172941032592371,0.0064470638616177661,0.0056744793239500782,0.0055801776694278998,0.0058607990510300438,0.0052897330222408893
2024-06-27,0.0048507133039981274,0.0063692604544296223,0.0053423848105987838,0.0052346619642583535,0.0055486179908152255,0.0049636699259144271
2024-06-28,0.004548196225986359,0.0068591776618482318,0.0054854456430831261,0.0055520148261874614,0.0059495842969580284,0.0058866943700948164
2024-07-01,0.0044754253170647207,0.0060340910095459683,0.0050735481486114606,0.0052817507400459967,0.0056951903630318461,0.0060248135474734836
2024-07-02,0.005515776990288419,0.0053084425499908064,0.0048548668781015223,0.0046452441401853796,0.0048141558013668137,0.0041645826436793121
2024-07-03,0.006438683935847918,0.005538915864667363,0.004981170585126999,0.0048519977140359166,0.0050648088734217434,0.0046225086519740329
2024-07-05,0.0065384753129400985,0.0052797170263324091,0.0045461445513173123,0.0043632347729677529,0.0046081449133780778,0.0041197514897629408
2024-07-08,0.0066327920253259421,0.0056568983112295296,0.0047316236716630766,0.0046467302854514714,0.0049549390616774802,0.0047650467461726412
2024-07-09,0.0071271886309829764,0.0054777614960455478,0.0046394302008287702,0.0044043485553384738,0.0046421911501632086,0.0041574936125856506
2024-07-10,0.0084429171010256127,0.0049153907395889816,0.0045428244926602971,0.0041949890258777527,0.0043106823040202583,0.0033496864816992301
2024-07-11,0.0082575493245755343,0.0072991417755786181,0.0060444401425976402,0.0066808356620585065,0.0072665624319139073,0.0085886996681681024
2024-07-12,0.0083161496420473165,0.0055143233593865446,0.0051609001968673605,0.0050334374346285233,0.0052015761138598507,0.0046654268991797847
2024-07-15,0.0094176681322746033,0.005968812710095266,0.0053652008176102986,0.0054504637465053159,0.0057369060639837887,0.0057105046000437611
2024-07-16,0.0090660640425332863,0.0060157859983536273,0.0053607682272176389,0.0056327510337040509,0.0060028013904746737,0.006286800618960719
2024-07-17,0.012141375588333969,0.0077489643306295434,0.0069065386494079018,0.0074602517567677919,0.0078958160393580584,0.0089866923257733988
2024-07-18,0.01187299625133028,0.0067716853072453745,0.0066871603798112321,0.0066609676745777308,0.0067432248715911074,0.0064557795063768077
2024-07-19,0.012525909673838039,0.0069201781926989375,0.0068145222729721171,0.0069368801364519238,0.0070754150788747572,0.0070453248231937557
2024-07-22,0.011658687456768286,0.0059026201816367568,0.0064038102552059269,0.0064342150336980895,0.0064501542542421174,0.0058321015112423012
2024-07-23,0.011857143021015508,0.006648112877934282,0.0068283903768550517,0.0069127180651251882,0.0069849039688552484,0.0067217488315849411
2024-07-24,0.0093536588243161578,0.0088997679914263293,0.0090352897087139124,0.009630761724527117,0.0098004711858204023,0.010712873824001538
2024-07-25,0.011077687576601285,0.0075916350203514256,0.0083396882354080781,0.0086895810707023121,0.0086892467450824015,0.0087310087794057172
2024-07-26,0.012982543646240121,0.0066399201084756726,0.007974648777874311,0.0082563566207385381,0.0081440922748893512,0.0076539557331163736
2024-07-29,0.018525479551428577,0.0070993518169784001,0.0082930572378722162,0.0084455294489162256,0.0082903306717937997,0.0077505130163047125
2024-07-30,0.018838214396309266,0.0076075670167820471,0.0085885499318466216,0.008882207530027747,0.0088055261348478093,0.0086609854356729504
2024-07-31,0.017660075184564306,0.0066745605768264524,0.0082675485442073246,0.0087119256369111442,0.0086036775078943695,0.0082462250084079543
2024-08-01,0.019381967982105969,0.0088071729880810252,0.010135272570868627,0.010637166491857213,0.010716821168271126,0.011492887928164414
2024-08-02,0.017575325446753217,0.0096178915401311099,0.011009255189327726,0.011783160944273823,0.012010063730303784,0.013669546897182652
2024-08-05,0.011585822581054514,0.010167825248301482,0.012400269842101399,0.012916732838237742,0.012958874995211525,0.014036208948707708
2024-08-06,0.013061469084034468,0.0074563688444936934,0.010978763942644049,0.01125184582223558,0.011011828962501261,0.010550181381913536
2024-08-07,0.012790269841913742,0.0085132231305413905,0.011375946265280008,0.011740296962775027,0.011621161780709779,0.011771844136323244
2024-08-08,0.010811694558567751,0.0065001053439781601,0.011037756961251992,0.011127915494527529,0.010694708822168662,0.0093787310873511189
2024-08-09,0.010678207349984778,0.0073649140295887691,0.011538958315838756,0.011458212181790453,0.010987379427879885,0.0095521157552270839
2024-08-12,0.011492598503026179,0.0081405486121647087,0.011947886892809408,0.012220052935696836,0.01197080760065289,0.011663579880111328
2024-08-13,0.0089103390190156655,0.0070235198762940345,0.01163370717617212,0.01175155003968258,0.011337185714683331,0.010227951375076486
2024-08-14,0.0089310322442581712,0.0076366647902855068,0.011851046258998882,0.011868734837824791,0.011449324863395506,0.010325221202469825
2024-08-15,0.0058663990472486568,0.0070336100221423167,0.011788154482185972,0.011913456309567872,0.011491336698693368,0.010383584476412973
2024-08-16,0.0074668816755927847,0.0079616089334024892,0.012292656463251554,0.012439099551982418,0.012081144140705977,0.011346702129013203
2024-08-19,0.0062275807851822065,0.0075869832363151821,0.012045320372663256,0.012242812828950761,0.011892157057098444,0.011157644336785177
2024-08-20,0.006215294876039992,0.00800533372076777,0.012314883302281754,0.012337730887264475,0.011920885686756,0.010901611352966896
2024-08-21,0.0065617402978139124,0.0076099759605109509,0.011358859947511051,0.011453605191099741,0.0111096704206873,0.010228047291162388
2024-08-22,0.0055353825746691163,0.0084821489335871955,0.011930433276841563,0.012128763008065716,0.01187893440639437,0.011538337104284075
2024-08-23,0.0051332665816788562,0.007134618432032949,0.011118695652586892,0.011182911999693901,0.010794823281234604,0.0096716577652049811
2024-08-26,0.010568203285250963,0.0082462025551015301,0.011786851382368128,0.012051027600826476,0.01182158732239044,0.011561140520564853
2024-08-27,0.010590076419976649,0.0076735095964000147,0.011405178421370657,0.011458064397481685,0.011096005782730376,0.010133157438278341
2024-08-28,0.010322574833147219,0.00794282460136061,0.011348006787969669,0.011327868208709159,0.010961486533011565,0.0099422186245532104
2024-08-29,0.012813050806065518,0.0076254983058747479,0.010831119357666676,0.010897937298024522,0.010584376208085727,0.0097127826217477346
2024-08-30,0.013073447785505237,0.0072965051732886308,0.010056998976431452,0.010384728316232017,0.010230230478828418,0.0099587108110729735
2024-09-03,0.0093923986824813056,0.011152031413888158,0.010844357678707948,0.011518937694147297,0.011647069984344293,0.012986995122364424
2024-09-04,0.010402568118635295,0.0083545530461575299,0.0093778494386277614,0.0097293867182023479,0.0095693845711008856,0.009196777245420883
2024-09-05,0.011004499373241118,0.0077549786743653362,0.00896334469969709,0.0092502716786441348,0.009018041398032783,0.0081873930163932161
2024-09-06,0.0083009666459428356,0.009457659230577448,0.009717341647392819,0.010209958261072767,0.010157172126611517,0.010348482010262394
2024-09-09,0.0066744410128271262,0.0065653924292878542,0.0083816720313185863,0.0085326787805813931,0.0082058316079373275,0.0068187754731687481
2024-09-10,0.0063877698021903599,0.0084642597133031475,0.0094018787701087951,0.0097753860624029271,0.0096770741332520144,0.0096475752905967761
2024-09-11,0.0046617729768107666,0.0070657183611617163,0.0084597713526440611,0.0086865443510529897,0.0084578904581483327,0.0075845430562176078
2024-09-12,0.0080572902782229828,0.0074569401805511543,0.0087322490775504878,0.0089991402900284918,0.0088042967244756822,0.0081547397022490951
2024-09-13,0.0077518469739891538,0.0072173722279900623,0.0082459084750164738,0.0085117761221232269,0.0083239178513945522,0.0075944100423798264
2024-09-16,0.0078039301149626294,0.0072949573637184654,0.00826975203480209,0.0085431252788932439,0.0083459984654534348,0.0075605834102926584
2024-09-17,0.0079057348284756728,0.0074040061250411513,0.008201706880746085,0.0084981130439446082,0.0083315019022613384,0.0076831520475704974
2024-09-18,0.0078556530398658578,0.0075323965624131206,0.0082680116644032308,0.0085770591769184588,0.0084080653371477292,0.0077492767879146452
2024-09-19,0.0027537081722888933,0.0068965111226596534,0.0083890641620663481,0.0085997843456380747,0.0083855850629401523,0.0075955521528526639
2024-09-20,0.0027213028316831742,0.0077639609240233096,0.0086792198469051555,0.0089926572192105588,0.0088154917894935816,0.0082074224294756658
2024-09-23,0.0030591967980261661,0.0072757825366192141,0.0082996006012844119,0.0085681398351182565,0.0083678071572409404,0.0075761853313306782
2024-09-24,0.0048910417967518377,0.0078729415745556457,0.0086164022897035047,0.008957510620299567,0.0088453758274449519,0.0085722345385410639
2024-09-25,0.0047940524662215839,0.0079114683066654531,0.0086307071691859461,0.0089724359910515715,0.0088351603800511831,0.0084182740522599983
2024-09-26,0.0045300882569609601,0.0087703490181651831,0.0090657249494304672,0.0095186877643501124,0.0095471534128551035,0.010090580982390407
2024-09-27,0.0060389031251110985,0.0078207098733170718,0.0085327218421118265,0.0088684293885138571,0.0087313487523202771,0.0082973245156144505
2024-09-30,0.0070543994533345993,0.0072694614601812825,0.0081613387667466269,0.0084420446687531528,0.0082732705753069142,0.0076185114350884927
2024-10-01,0.0071616737752755299,0.0088695817448843292,0.0084919332977474674,0.0088259201152476336,0.0087298877716213974,0.0095763309096942445
2024-10-02,0.0077963548140844077,0.0072285159589689958,0.0073538745548538433,0.0077536247639985127,0.0075483310898219764,0.0073387668634880138
2024-10-03,0.0077927576732241301,0.0083883834674775507,0.0080653145445627478,0.0085445840127521475,0.0084003275861208732,0.009172895068003558
2024-10-04,0.0071755738155406777,0.006101816002657647,0.0059355581805157279,0.0064875138404178545,0.0062361905999981041,0.0059558308368068144
2024-10-07,0.0069470545931365549,0.0085793148203136323,0.0078100278599168927,0.0081453529582615758,0.0080687076854507791,0.0091062150418299587
2024-10-08,0.0065351410770645635,0.0074265026510590779,0.0069253141736507467,0.0076337565295238738,0.0074264265112560113,0.0082070963808346682
2024-10-09,0.0060778930383052166,0.0059999110628485303,0.0060456369775492968,0.0065141916220629679,0.0062584197159133124,0.0056542355002847915
2024-10-10,0.0060273201263849148,0.0075598462825180023,0.007047263981409267,0.0074675766486248518,0.0073191653195049961,0.0078021351770422367
2024-10-11,0.0056697749879738354,0.0062991228848337999,0.0061926618192129999,0.0066750613892717688,0.0064390645443282123,0.0061094574993746324
2024-10-14,0.0044066683390874507,0.0063488703402994236,0.00626346634013949,0.0068074416562821545,0.0065602199108394819,0.0063139140010268387
2024-10-15,0.0027032090069331535,0.0089184768587694425,0.0082010003528847977,0.0085978743351862643,0.0085179838262994644,0.0097425657196226912
2024-10-16,0.0045164563833489865,0.0064060998624826835,0.0064970395584225014,0.0069299853357530977,0.0066918341335480379,0.006186400880554728
2024-10-17,0.004618487053391079,0.0064755114316277975,0.0061439518275242921,0.0065009859862020306,0.0063117099963033042,0.0060843283257980092
2024-10-18,0.0042903309564947048,0.0064016286291657034,0.0060349181831199274,0.0064891415634684164,0.0062819464854601617,0.0061738347648188415
2024-10-21,0.00444658739747742,0.0071405298359937842,0.0065738162905421933,0.0069629365248097862,0.0068094731179365884,0.007110172723035121
2024-10-22,0.0044987581032726633,0.0067908215525149468,0.0063494658362439286,0.0067270524895167872,0.0065536390025560656,0.0065820465378663611
2024-10-23,0.0022851563351331829,0.0074352455974769161,0.0070569708198122416,0.0072552348385988676,0.0071331553350652225,0.0071691082910210514
2024-10-24,0.0090927404945768432,0.0062088101034867699,0.0061354716471255641,0.0065043079785960436,0.0062835531451922453,0.0057424224510764336
2024-10-25,0.0092844701965019184,0.006757241404140097,0.0064918600103833456,0.0068578872411393195,0.0066719353472363468,0.0065275591568900041
2024-10-28,0.0092317862002122587,0.0079584903615138973,0.0071336964784549138,0.0077448637531396984,0.0075992964541609503,0.0087563147449743993
2024-10-29,0.010658066871870906,0.0064001036394027138,0.0060353445644499406,0.0064293517343044703,0.0062330891417479509,0.0060461538943683245
2024-10-30,0.015245119397731767,0.0071751384207298461,0.00660173080162774,0.006957122392215985,0.0068116447233392344,0.0070903124106364021
2024-10-31,0.012879802186768562,0.0098445653299204794,0.0092079427449871139,0.0093594852898330541,0.0093518286365253684,0.010610950242292982
2024-11-01,0.01288714598873179,0.0066958515959870497,0.0069199185792990399,0.0073729870635723636,0.0071469478757493574,0.006932209861915133
2024-11-04,0.012858075438088189,0.0072610519055369043,0.007300638694663914,0.0076246471748634657,0.0074851725603995844,0.0077542396910780451
2024-11-05,0.011763268033737969,0.0057537663169101791,0.0061259764852598722,0.006675796480438187,0.0063438372179279489,0.0054587329736817403
2024-11-06,0.0042150100358049553,0.0073846110007876496,0.0080911648009249718,0.0091673576950897541,0.008846905638746622,0.010418359201582177
2024-11-07,0.0037714570994971967,0.0070093543073546979,0.0076427715313778935,0.0083719494818321992,0.008074488045657623,0.0074626192410733394
2024-11-08,0.006612477911828266,0.0077737781302548914,0.0082859978244420075,0.0089843591668810584,0.0087674599303241077,0.0090422898375018147
2024-11-11,0.0068474437654730122,0.0079527309130830795,0.0083856471672816933,0.009011566069525424,0.0088289697565038152,0.0091614316230119678
2024-11-12,0.0069003073756875892,0.0076484582895924415,0.0080368116364361985,0.0085445691228696243,0.00835938906239167,0.0079839858235803522
2024-11-13,0.006898551248377527,0.0072699821575005919,0.0077238806890361856,0.0082807546504181477,0.0080509005082442311,0.0074417610310971178
2024-11-14,0.0067082452858346943,0.0079966741126167844,0.0083536683660237684,0.0088289409936791914,0.0086789151438624035,0.008431741213880406
2024-11-15,0.0036984060323451183,0.0089126361279982056,0.0092325554121312839,0.0096812696559915919,0.009609860123432002,0.0098388374825903301
2024-11-18,0.0035535410095969282,0.0075942927795994283,0.0082066496034573257,0.0089281995121926385,0.0086794552359972139,0.0084215965975011284
2024-11-19,0.0039229521510807629,0.007056800977655796,0.0077319757335545559,0.0084190947867431153,0.0081236788662857051,0.0069828735327572659
2024-11-20,0.0041483258592709049,0.0072160939754143368,0.0077782597174967157,0.0083764978476048215,0.008121003730984646,0.0071179229068903567
2024-11-21,0.0043755945435945886,0.0071121658996978745,0.0077379674367977587,0.0084361129009292209,0.0081512660819377872,0.0074158529632156103
2024-11-22,0.0042275356732680612,0.0073240199355373587,0.0079081069453557848,0.0085724572761702589,0.0083141252048447769,0.0076956986135434165
2024-11-25,0.0039524088503031293,0.0083118320325819613,0.0087881353891038003,0.0095108326642301209,0.0093376625935711402,0.010260379571418192
2024-11-26,0.0042262417279627261,0.0070454153586162879,0.007688010746161978,0.0083844910155377508,0.0080921553327344894,0.0072106835475218845
2024-11-27,0.0040695832981075082,0.0076638842588590151,0.0081706581183443542,0.0087352582352245647,0.0085263545059387612,0.0078374887057174585
2024-11-29,0.0030997139624299791,0.0063975036301975232,0.0067671655487042794,0.0072878654112156797,0.0070087385384885771,0.0062410982214872145
2024-12-02,0.0037812807306797014,0.0070089559437379661,0.0072492595563562259,0.0077706658343537106,0.0074791299540108306,0.0072210594109295752
2024-12-03,0.0040242147901809701,0.0073499823735747351,0.0074980091158073168,0.0080178894791046607,0.0077662276977918717,0.0079259472473573143
2024-12-04,0.0045155535722520672,0.0065989143388170543,0.00684550801329405,0.0073693001305707301,0.0070438985104916887,0.0067452304997054494
2024-12-05,0.0050184719452197246,0.0062773001366125515,0.0060896738527878667,0.0060510879982767184,0.0057827208706123737,0.0055938927485558974
2024-12-06,0.0049472941880251862,0.0060780650913648225,0.005875261820366442,0.0058604032012930561,0.0055770607618371559,0.0055201747721573763
2024-12-09,0.0047723621619285587,0.0069569812372575687,0.0065942403709504773,0.0065369563351344358,0.0063475525596245258,0.0069031075331353097
2024-12-10,0.0049239540511687467,0.0066788000175549353,0.0063924374236366144,0.0063608734685924265,0.0061377350613286696,0.0064252053567410063
2024-12-11,0.013981332413020617,0.0060320410659788874,0.0059226659705536727,0.0060992183071466796,0.0057913068769252125,0.0059281867231389769
2024-12-12,0.013789826871763904,0.0066254331424291909,0.0064427323216828588,0.0064141408123621979,0.0061726227918171136,0.0060112417018823739
2024-12-13,0.014787226570713224,0.0064368050878171029,0.0062270308266481091,0.0062523091254272009,0.0059969652349963001,0.0061158824407662772
2024-12-16,0.014905044338279527,0.0055681468076427551,0.0052744476460124395,0.0051217916098944887,0.0048157292719990703,0.004696067056502066
2024-12-17,0.015594486867285871,0.0060406069077273625,0.0056934731019583603,0.0054263015145275366,0.0051703216788505715,0.004946179523359971
2024-12-18,0.0077521876099729339,0.010259764219072013,0.0099610898854228178,0.010213749710723832,0.010267417849293657,0.011689025451603887
2024-12-19,0.0090815679540342184,0.0072844334437252448,0.0076188341600708868,0.008223932508201956,0.0079382083833322414,0.0075456238647832307
2024-12-20,0.0089615819726142198,0.0061736936956956201,0.0068315202908358855,0.0076512757696965503,0.0072235200535731387,0.0060342541343761814
2024-12-23,0.0087084759987470194,0.006865914220843,0.0073939717936395734,0.0081677180860330809,0.0078150048879364765,0.0070848869489575353
2024-12-24,0.0072533483184194754,0.0063720569112659777,0.0070818470858924698,0.0079669110015454913,0.0075452496835670653,0.0063445239261798337
2024-12-26,0.0091373521762889535,0.0073493839686184538,0.007836173206463716,0.0085673918530170499,0.0082608892651896432,0.0076015420997686258
2024-12-27,0.0082275463268234837,0.0084698322081133495,0.0087897199166284586,0.0094503809614196292,0.0092593615181082358,0.009165978770457028
2024-12-30,0.0081972572688105497,0.008740901407346716,0.0090496833186154702,0.0097537173660065552,0.0095840759598483528,0.0096905401806498242
2024-12-31,0.0080600524225192538,0.007917043618194182,0.008400147798415615,0.0091898213207192228,0.0089268519929904758,0.0084973785732250541
2025-01-02,0.010540157079154719,0.007979951584633849,0.0082468811619472761,0.0092185535109066269,0.0090968007904122569,0.0087920236440713149
2025-01-03,0.0089829800497540826,0.0068730870917037478,0.0073870755198594089,0.0087687456621405174,0.0084974270805833075,0.0076567359316651457
2025-01-06,0.008629796817533654,0.0073739017946160036,0.0077981289563324625,0.0091035750788075048,0.0088708215286601288,0.0081055248473506057
2025-01-07,0.010659110288659335,0.008915232956647947,0.0091475752056354165,0.010192518868481673,0.010149045057190576,0.010159306287784151
2025-01-08,0.010673870614061678,0.0076327161779237663,0.0080007555185532073,0.0093286471112127792,0.0090835273817793053,0.0081374365406417376
2025-01-10,0.0093032336642776582,0.010072844456038297,0.010418181365827778,0.011419225647425556,0.011638526343075125,0.013273364372495121
2025-01-13,0.010132897419650993,0.0079488857944515906,0.0083912468927851563,0.009774830856561962,0.0096046526753471237,0.0091665169865743877
2025-01-14,0.010420280350077749,0.0077879520902755317,0.0081996041014590453,0.0096101658301480722,0.0093842421159494871,0.0085803077232246023
2025-01-15,0.007036797839947098,0.0067704443943364424,0.0075295968573468553,0.0095481959213579558,0.0091756849243935096,0.0079408353884959752
2025-01-16,0.0071052631652476087,0.008488638944975934,0.0089854797958250788,0.010577276155315663,0.010437225698869448,0.010157825644161778
2025-01-17,0.0084330971190140994,0.0074115471237074706,0.0080715844609250062,0.01000542885692393,0.0096882589126229459,0.0086045995699801387
2025-01-21,0.0083157272188025318,0.0071616050145588417,0.0075957741822635944,0.0087114596514976227,0.0085333398847829839,0.0081692327997471489
2025-01-22,0.0081794783411009899,0.0073410156615907425,0.0077123561652327243,0.0087906308478153897,0.0086086605859131849,0.0081259449790369344
2025-01-23,0.0081675264556435034,0.0071795136330635107,0.0075014663683640095,0.0085068140132509035,0.0082966611724942275,0.0076086460381823021
2025-01-24,0.0084079807031712823,0.0076871875458257143,0.0078659180779742047,0.0087355658492037237,0.0085513099255381392,0.0078015132080017568
2025-01-27,0.0062626767098237189,0.0092586005297146876,0.0094090256155534759,0.010060722953572994,0.010168877063648028,0.011024067724484197
2025-01-28,0.0057897825438133913,0.0071011169807020363,0.007529731248330453,0.0087544273548834216,0.0085191129636540512,0.0077879605456391034
2025-01-29,0.0057235476321971313,0.0079016973521046537,0.0080897548909624976,0.0090027282588206834,0.0088378324168171037,0.0081867601512675345
2025-01-30,0.0054255212910876245,0.0070562814243836274,0.0073431079146874193,0.0083017694388660707,0.0080682609095715334,0.0072141297434657678
2025-01-31,0.0063759913930323941,0.0078783630146362256,0.0080154300158920902,0.008797923638353607,0.0086469100991820817,0.0080388487289026634
2025-02-03,0.0063793549790175956,0.008183185116214204,0.00820170832898196,0.00907064264777898,0.0089155532412239485,0.0085718705992135699
2025-02-04,0.0056454943750603465,0.007209167562183089,0.0072730849026333422,0.0082728222054413662,0.0079884277907822446,0.0072749442152155097
2025-02-05,0.0055388673173608549,0.0075949448965002414,0.0076331517187935953,0.0085351833302949823,0.0083956728924764277,0.0082191707814051451
2025-02-06,0.007094368417972903,0.0071570735434036267,0.0071742064737678616,0.0079393769024261682,0.0076296531849708903,0.0067667986066154437
2025-02-07,0.0057808734887574717,0.0082184427077291594,0.0081919228301876416,0.0088394462280005151,0.0087170643045678849,0.0084608305685901584
2025-02-10,0.0050966281387453084,0.0070043907417354102,0.0069937395972053873,0.0075985154959642368,0.0073719600395876399,0.0068549215367854762
2025-02-11,0.0051929321186971883,0.0072982470291155952,0.007262978093023207,0.0077772780452176988,0.0075540459375261961,0.0069853523134796921
2025-02-12,0.0053254605642661691,0.0078153731746259669,0.0077568129360916427,0.0081982162649669923,0.0081341200510051948,0.008147616753452578
2025-02-13,0.0081134882518444536,0.0064134918719411221,0.0063878410162442976,0.0068656148545810187,0.0065149454528686934,0.0055349457346232306
2025-02-14,0.0083658940986300542,0.0072880934384086391,0.0072000318197366457,0.0074462657220764998,0.0072985673976059366,0.0069976847463023
2025-02-18,0.0085580886662124517,0.0070826977397100196,0.0069867138352863968,0.0071709344512088909,0.0070346355248539216,0.0068020798316287805
2025-02-19,0.0084961931331194278,0.0067292212602235143,0.0066263390352097658,0.0067519424609526011,0.0064550404580214519,0.0055802496227170678
2025-02-20,0.010976781874755311,0.0073615289139749738,0.0072168360668512224,0.0071892645990937155,0.0070649792856130999,0.006794713504572291
2025-02-21,0.010436403881759473,0.0090036117303212062,0.0088410922387972598,0.0088694028526026484,0.0091277719684130995,0.010242702477430423
2025-02-24,0.012932133921713836,0.0077805492346364842,0.0076999120606678203,0.0080294651215624402,0.0079542320784421923,0.0079021132484849276
2025-02-25,0.01380676601632427,0.0079454229060974581,0.0078064121476969436,0.0078507962760330299,0.0079511478158020548,0.0085628213386614305
2025-02-26,0.014609336689456387,0.0069730598672346272,0.0068606416334828372,0.0069591728589263662,0.0067354139744402143,0.0061285899314712441
2025-02-27,0.015026951305673797,0.0089015159148150835,0.0087379214985816751,0.0087507820907805883,0.008999833943005419,0.010087954118808837
2025-02-28,0.013568404145939975,0.0066875240222814426,0.0067504924241928938,0.0076875700146790266,0.0074304139273253089,0.0069031352146765746
2025-03-03,0.016351881605427408,0.0095419142793375135,0.0093572392052971819,0.009927158075777695,0.010162859553368873,0.011266458516474717
2025-03-04,0.015904806737544897,0.0086903994009018323,0.008605022530869642,0.0094870887125379586,0.0094943178643811608,0.0095850113767356054
2025-03-05,0.015352793470902836,0.0075695974051533015,0.0075686735300659665,0.0089347193248506922,0.0089876976595584177,0.0091244772533184224
2025-03-06,0.014407361500610205,0.0094087359976397795,0.0092791889362992975,0.010383336956745037,0.010439862892725613,0.01076927921592794
2025-03-07,0.016879798133794796,0.0072913929848080466,0.0073641924360813293,0.0090668786383024443,0.0088197977356228949,0.0077037976259143942
2025-03-10,0.012286815020691439,0.010798771791183687,0.01057034959951763,0.012040316253583525,0.012268846125268983,0.013372143277250892
2025-03-11,0.012674741628288584,0.0088842398250908519,0.0088359730567951818,0.010687276059629118,0.010616388152283978,0.010327031509338547
2025-03-12,0.013360915965567727,0.0078263173238995766,0.0078776460381581141,0.010096368269221473,0.0099035149765634451,0.0090049351041645957
2025-03-13,0.012007101859851732,0.009716635050393229,0.0095902069564543536,0.011420019312039105,0.011518484563525288,0.011978773480898909
2025-03-14,0.0077838820738814641,0.0071799627943509806,0.007307109882840836,0.010273023240008108,0.010046264677611785,0.0088925591613407597
2025-03-17,0.010573516276317687,0.0077744579930826771,0.0078725796845349541,0.010759929494916083,0.010447536382941783,0.0090085066179406131
2025-03-18,0.0094515564420497925,0.0094197495522754977,0.0093637323994382078,0.011814581802385675,0.011724280544373999,0.011350639125819179
2025-03-19,0.0097320590912143307,0.0076534430019383967,0.0077711738011953715,0.010886721240726965,0.010554501614954826,0.0090061431722462375
2025-03-20,0.0097185367118012428,0.0088829975052535128,0.0088851968986863213,0.011676175638492286,0.011512788933112347,0.010771909124436901
2025-03-21,0.013311717854304817,0.0083211822602061638,0.0083718161367929249,0.011109284543298553,0.010843031140620593,0.0096478220054123029
2025-03-24,0.011096896099322386,0.0077468191232990249,0.0078485775700283741,0.01121405250628031,0.011022167393715756,0.010021283354781137
2025-03-25,0.011116618369860607,0.0084081543971902071,0.0084713524659732441,0.011610286140650102,0.011328449724070109,0.010043469767586542
2025-03-26,0.010133619509676384,0.0097652356699777162,0.0097056987183881116,0.012586084544822958,0.012484770611752127,0.01205909312881108
2025-03-27,0.024739928489256702,0.008793453797818887,0.0088151378654146052,0.011744643478900725,0.011523034878437751,0.010529712587339386
2025-03-28,0.035456311977998575,0.01072715729970705,0.010556292576987904,0.013010467275706603,0.013140715301766651,0.01375954026503212
2025-03-31,0.035338842726714552,0.0084327580612900948,0.0084631985142101986,0.011395059147730403,0.011275157800486159,0.01065784612028166
2025-04-01,0.036015092049783488,0.0090203681618675393,0.0085275681621343573,0.011099926712153829,0.010812674640724561,0.0094246649782178393
2025-04-02,0.057303107419971529,0.0087401320833873676,0.0082268990472902145,0.01084496380579251,0.010556340884974287,0.0091592207832452092
2025-04-03,0.056341915675193588,0.016488320002633127,0.01509295346643693,0.017102225647942861,0.01804942137668876,0.020937549920206522
2025-04-04,0.050090986639992285,0.018510110291759099,0.016993625907108789,0.020334503684882658,0.021237387640048379,0.023695628386167102
2025-04-07,0.050270410001901744,0.012716693259126863,0.01150985257599418,0.016704545358173693,0.016750373606639397,0.015977805851914377
2025-04-08,0.049787986724847313,0.013777547945849573,0.012628103837718358,0.017400639484925616,0.017514532786301891,0.017040650969213693
2025-04-09,0.024194703211401825,0.0098323370196842369,0.0072835367270852195,0.020132950896125358,0.01990338799266278,0.016800561712251614
2025-04-10,0.013573381550261448,0.021074064005010718,0.019010457681048285,0.027511162390982415,0.028092304141889807,0.028441654333850961
2025-04-11,0.015419193893793467,0.014750689601993102,0.013117507391580505,0.02381540360162418,0.023345832096929253,0.019736912893346038
2025-04-14,0.018736411767912669,0.01543124936322663,0.013798286700151461,0.024232646550549616,0.023838705684099622,0.02053091366997209
2025-04-15,0.019919014660726767,0.016053548496949621,0.014586702809384696,0.024594352654243687,0.024152087575429228,0.020746589600833663
2025-04-16,0.019557375462546326,0.019137112199910537,0.017103077412871807,0.026397578915261455,0.026728161572989628,0.026089922159740847
2025-04-17,0.019810371418815607,0.016419347109973753,0.014676052423968799,0.024855192399027323,0.024648772048329111,0.022024117669432436
2025-04-21,0.01662557952887652,0.019202869223949426,0.017225258360757556,0.026604484607216448,0.026871314131123106,0.025995313092248312
2025-04-22,0.012343115722424875,0.014903513944746597,0.013005030360856913,0.024251584609849504,0.023931076155852011,0.020735304853046761
2025-04-23,0.010251654397435056,0.016084539534420642,0.014080423000210677,0.025057098933060386,0.024930552939876914,0.022440147911774871
2025-04-24,0.0053186446546065642,0.015057545138591885,0.013316263944880802,0.024674329766043432,0.024197339915277234,0.020435951739204747
2025-04-25,0.0078323598105608239,0.01611597530030983,0.014414351269826195,0.025332151700939391,0.024942503557879869,0.021550045485814
2025-04-28,0.0082420552357682312,0.016734724353869104,0.014988895499281004,0.025546774581906372,0.025287860696670567,0.022406394362314404
2025-04-29,0.008610115153242736,0.016525031022796392,0.014663255982356359,0.025403437050393763,0.025208408924108951,0.022517828695885159
2025-04-30,0.0088105092924850737,0.016984809758402518,0.015135971045792444,0.025671675032329352,0.025520863539743522,0.023014760015399253
2025-05-01,0.008791687911262433,0.021555906970550383,0.021905092514967462,0.024203540536246432,0.024081213151873684,0.022154943559612013
2025-05-02,0.0058476178239478269,0.019928799992929652,0.02009712245587069,0.02257525015858363,0.022483703616961781,0.020759895468195892
2025-05-05,0.015459682347824702,0.021727822561665305,0.021263898264218241,0.022263544822874258,0.022171240493411452,0.021123478997422833
2025-05-06,0.015283237718196221,0.022792089269791954,0.022083115995287436,0.022832863081678926,0.022758354329748366,0.021925580809315639
2025-05-07,0.015178310508492821,0.018449260862814461,0.018689124050021509,0.020522463284107288,0.020385199298141855,0.018715217040918181
2025-05-08,0.015016205978995806,0.01417581471605959,0.013356740573933296,0.01426103025534323,0.014200352135900107,0.013747173907619254
2025-05-09,0.015268752114417219,0.01068590715474331,0.010542864890005133,0.011228284618149748,0.011068129462261822,0.010137703722899481
2025-05-12,0.0046852976408812896,0.010489899185582213,0.0093385244571806292,0.011164745520511271,0.011192425114480426,0.011071954061099948
2025-05-13,0.0039440124849859448,0.011724016102948695,0.011163056787355109,0.012058206290358038,0.011962547414010061,0.011357547011247037
2025-05-14,0.008543459182747945,0.011850551794721571,0.011439558586917323,0.012156420677469446,0.012032447002891218,0.01130456887398479
2025-05-15,0.0082627957382473641,0.010743102065630122,0.010236674921915212,0.01100493981996159,0.010894584684703347,0.01028669114896575
2025-05-16,0.0083476198949569893,0.0096508391051349646,0.0094671009954915789,0.010472733046245342,0.010334210517751656,0.0094424064545187182
2025-05-19,0.012414930486953572,0.0088279676287011995,0.0086612194671908966,0.0093274290133731064,0.0091673686800982264,0.0083243669948578104
2025-05-20,0.012593462000755796,0.0098360982679878833,0.0093265038687275169,0.0095655013660887606,0.0094256153643139124,0.0089081459385216433
2025-05-21,0.010194988923361771,0.01343693741991514,0.012415535670615856,0.011778448838178877,0.011657629542581684,0.011579764785262419
2025-05-22,0.010205738424625632,0.0085453691246192929,0.0084073069057350042,0.0090349079348908592,0.0088688870723292283,0.0080133687809206215
2025-05-23,0.010054093830557581,0.011166231954353055,0.010428512273581318,0.010402244594415033,0.010277463415531887,0.0099519918420805428
2025-05-27,0.004781733069187841,0.0088087559437833567,0.0079865036287768126,0.009263272150711788,0.0092182329185093049,0.0089120467046137092
2025-05-28,0.0040182295178759946,0.010341056033503299,0.010070664204013258,0.01038465477799649,0.010219621307408158,0.0094574416876837594
2025-05-29,0.0042113590675279334,0.008937886344570857,0.0087744164980645637,0.0096103274153424775,0.0094592790438133758,0.0085914039600666538
2025-05-30,0.0061936026453209671,0.0093241174106559292,0.0092251285289000895,0.0098528977725126088,0.0096827804154331985,0.0087647325403228931
2025-06-02,0.0056756363744255344,0.010162766020039,0.0092730075419060788,0.0098198980184400486,0.0099986777830835694,0.0098348064323132388
2025-06-03,0.0056691084265521122,0.0084307359989210708,0.0079477364812423207,0.0088603907903417514,0.0089420896186225771,0.0083079377024973672
2025-06-04,0.0058099716529972324,0.0093806755569575562,0.0087571045674718247,0.0093542217009564901,0.0093566010978515923,0.0088100482141006495
2025-06-05,0.0056752669861256638,0.0095748105126106913,0.0090286932947349994,0.0095712379632573851,0.0094897132107454249,0.0088288445113386786
2025-06-06,0.0060510030073054983,0.0088863984397394204,0.0081798210653542536,0.0090173033628750433,0.0092196788698808048,0.0088719967117536196
2025-06-09,0.0073746950966221076,0.0082063929536483962,0.0078757751107991335,0.0087842565009640453,0.0087501446752651247,0.0078974032981360912
2025-06-10,0.0079197641023583763,0.0068191577235535185,0.0063660277842395576,0.0071738806913396336,0.0071184941918321408,0.00625349544756045
2025-06-11,0.0078163804342726226,0.011045603149563639,0.0097380405313088232,0.0095189807081673336,0.0095164017575550472,0.0095458108051106241
2025-06-12,0.0076847315500916608,0.0072617441222172039,0.0067374587639885356,0.0074314488461213728,0.0073646735158974085,0.0065660959192451844
2025-06-13,0.0072866340367542118,0.015591683533836819,0.013415286899117885,0.012183673143407157,0.012262820733742489,0.013239873126705666
2025-06-16,0.0077008619333385547,0.0086005780881026391,0.0077001943002614958,0.0082394159163583225,0.0083741886576443932,0.0080896201805538102
2025-06-17,0.0066810651409165431,0.013132260457984584,0.011558010411600615,0.010971930871863347,0.010978328210893852,0.011325269747428032
2025-06-18,0.0075351888224652669,0.0076560263918645597,0.0072378683679097892,0.0079481785081315492,0.0078296427772389723,0.0069353221029845443
2025-06-20,0.0077836969610309698,0.0080844541334589032,0.0074735293384451534,0.0078956687440607989,0.0077366098789654067,0.006969165771724713
2025-06-23,0.0067686466428138027,0.013176266031327244,0.011061820196305548,0.01047823026001295,0.010864828552239681,0.011917254217607363
2025-06-24,0.004657631327433547,0.010362057864620492,0.0089175953907950772,0.0089785652899982433,0.0092338571054691749,0.0095380941803307143
2025-06-25,0.0050717337958788395,0.0085289028666565413,0.0076014318040309465,0.0077696333637101399,0.007679293812355951,0.0072194241290437595
2025-06-26,0.0050893599117636532,0.00624237768952959,0.005702613005441089,0.0064294753356945525,0.0063646476932667584,0.0055192649246675399
2025-06-27,0.0056726243873694545,0.0071734477467412551,0.0064708076660170664,0.0069678596908389675,0.0068946214538381859,0.0062114239369458028
2025-06-30,0.0052619873548637635,0.0064670186944741654,0.0059397536171986471,0.0065900256786937741,0.006473208876661217,0.0055881436312249979
2025-07-01,0.0059005206074023604,0.0080010627736504612,0.0070620751975761595,0.0073142493407874088,0.0072621167628768024,0.0065143194112397915
2025-07-02,0.0056842612804803841,0.007526654931026654,0.0066256962497866102,0.0070434316808057999,0.0070432771255626711,0.0063857001964440253
2025-07-03,0.0047397487849748579,0.0067953863265715966,0.0059886809461211395,0.0066218040504958213,0.0066551655103154811,0.0058647584281207258
2025-07-07,0.0034644522540835539,0.0099669113715754095,0.0088196161319590693,0.0085903924656498924,0.0085020385538405133,0.0081497466134542867
2025-07-08,0.0039509899235738027,0.0078926403187182317,0.0069716781748142866,0.007246079081836292,0.0071896669604870952,0.0063778781693846643
2025-07-09,0.0032695393779785371,0.0066434847371820323,0.005868176107457968,0.006507812730309169,0.0065136012915158617,0.0055407766031380108
2025-07-10,0.0040678804996002937,0.0078340977759917482,0.0069052462977230722,0.0072415599626521367,0.007228926865674363,0.0065951302379713833
2025-07-11,0.0037649022225331157,0.0096845124254853338,0.0085354761098079268,0.0083949536994805639,0.0083411456301363887,0.0081327468780287761
2025-07-14,0.0037636787758822563,0.0081343834082097874,0.0071698805029010351,0.0074314167685024315,0.0074140503223247573,0.0068556336818218471
2025-07-15,0.0032405966857342876,0.0088098572865135064,0.0077210254479634912,0.0076684458882543046,0.0075493109030838898,0.0069928353415603254
2025-07-16,0.0047566999883902486,0.0066188356493128656,0.0057674496283983395,0.0062509498178544877,0.0061694286692025122,0.0051459237648132025
2025-07-17,0.0038992219367636484,0.0063831489837751368,0.0054957985974089726,0.0059960356757227072,0.0059154016117704154,0.0050276750996552794
2025-07-18,0.0043186538620093497,0.00699121423160169,0.006056397631515973,0.0063330595490763905,0.0061765527963509185,0.0051377569431669198
2025-07-21,0.0042362330773076749,0.0071368555597669196,0.006154683790535834,0.00641965983463017,0.0062933083657862321,0.005497193515676152
2025-07-22,0.0043973522507195001,0.0074993545475369175,0.0064486401826995485,0.0065756701763048471,0.0064188848349960494,0.0057115751088262449
2025-07-23,0.0023024778919610587,0.0063399029287473669,0.0053838809938477391,0.0058438254657542255,0.0057585969683272365,0.0050781960600401882
2025-07-24,0.0028468114077907225,0.0073449057850111018,0.0062918069628339242,0.0064238312570886304,0.0062534131950826733,0.0055191615019098469
2025-07-25,0.0076924258756873457,0.0067685191065833036,0.0057572715619098689,0.0060424657194773999,0.0059006015658325597,0.0051726465649550232
2025-07-28,0.010231065194765949,0.0086205314791731567,0.0073732757501677529,0.007199929448886336,0.0070382465356733665,0.0068585469801631313
2025-07-29,0.010413778366004182,0.0089837861986414962,0.0077034939090527884,0.0074259766968246335,0.007243511313030279,0.0070717028706038885
2025-07-30,0.010944144770861985,0.0081168190717947827,0.0069517348389241526,0.0068802165988969743,0.0066982751758194806,0.0062250331149746804
2025-07-31,0.010820810618898637,0.0081396435340765749,0.006992068524034183,0.0068906422306988409,0.0066806518461795111,0.0060546421102362158
2025-08-01,0.0086332808360142441,0.012166891288905548,0.010807452133603474,0.0098680594689849258,0.0095803031849474828,0.0098964642937405551
2025-08-04,0.0054592469215399434,0.0061315141406929115,0.005650912322134027,0.006309825652075671,0.0065501902816564508,0.0061124666096686701
2025-08-05,0.0068603913489360714,0.0084633105146358079,0.0078052190281654651,0.007725842946467474,0.007702167764982476,0.0070815106425338933
2025-08-06,0.006144543275692263,0.0068468265923490425,0.0063501904002848256,0.0067782504008811984,0.0069344678523908304,0.0063505309663608256
2025-08-07,0.0061332426089466862,0.0074057833618692906,0.0069144705632878459,0.0070794521078441919,0.007131634661540159,0.0063173936549184174
2025-08-08,0.0051622330658917335,0.0061650581746296512,0.0058209294753070219,0.0063576321774789779,0.0065390854186088629,0.0056845761430106409
2025-08-11,0.0050866880453536252,0.0078741924432888747,0.0073192179712499453,0.0074170412901115902,0.0074540678288287556,0.0067404706588175163
2025-08-12,0.003060103526338875,0.0071722986650013081,0.0066059985292621307,0.0071046709634202841,0.0073046560531158196,0.0069554914488649871
2025-08-13,0.002905931942028016,0.0074012156448206492,0.0068915905807840037,0.0072014966855752155,0.0073202524995100559,0.0066801401063272432
2025-08-14,0.0034168106860253972,0.0083161585542107543,0.0076556811886439573,0.007760094165386853,0.0078161185318176597,0.0073636320086516759
2025-08-15,0.0075516868593640757,0.0079023609315447049,0.0073675297640928969,0.0074780416944844018,0.0075210728977490576,0.0067751975852826454
2025-08-18,0.0078044592127942637,0.0073505774818278212,0.0069004643935807177,0.0071322775773265236,0.0072121293084677933,0.0063647065113344508
2025-08-19,0.0076473822446028981,0.0094094671065319251,0.0086240051510366386,0.0084869335107076414,0.0084681949971158431,0.0081197937760250673
2025-08-20,0.0076225167202089647,0.0083454749355600204,0.0077187875327522238,0.0077583372120075215,0.0077845884994699336,0.007197968478853475
2025-08-21,0.0075743130332099114,0.0079664101442199695,0.0074462692713406133,0.0075155784622167009,0.007541218373343323,0.006727233170997474
2025-08-22,0.0042513416190922294,0.0061409704035506347,0.0058067578785489168,0.0066458784205909076,0.0069643845981330471,0.006364775025270851
2025-08-25,0.0050246522828740663,0.0089239897272570239,0.0083049000221185193,0.0083500736252635384,0.0083954479982676217,0.007821379964943375
2025-08-26,0.0052534017436133189,0.0079794319910059044,0.0074331787946381846,0.0077949924560378452,0.0079553182534306145,0.0074694118305427513
2025-08-27,0.006357324386811314,0.0072464105841927688,0.0068795503793633271,0.0072959334825151399,0.0074545172856507348,0.0065859010913410882
2025-08-28,0.0062927578897227828,0.0067636634466708163,0.0064719897400204538,0.0069721514013942314,0.0071527161951702705,0.0061723128418954588
2025-08-29,0.0058005963682079293,0.0087077717815085085,0.0080355538129140008,0.0079318114409486044,0.0079045298310695573,0.0073034292744278296
2025-09-02,0.004863043742802651,0.010248403298063794,0.0094714504156780364,0.0089943198686474619,0.0089773957533582967,0.0089709828326952675
2025-09-03,0.004412822223682872,0.0071809017724385627,0.0068483362297089368,0.007067249468586884,0.0072724950782856084,0.0068061496604572055
2025-09-04,0.0043952425587103182,0.0059655667837423699,0.0058138710146182901,0.0062713877193725041,0.006545822871991791,0.0057602404272809483
2025-09-05,0.0042021396160023573,0.0087857113440349063,0.008224586191036401,0.0080529450887525719,0.0081284940096870185,0.0078018767770847309
2025-09-08,0.0047002621606575239,0.0066209152693053521,0.0063623227178174792,0.0065832076278172034,0.0067694045184354627,0.0059184612286350795
2025-09-09,0.0046266149259027453,0.0063392360598165023,0.0061192411765590244,0.0063720089066653107,0.0065634047498289256,0.005595843113428622
2025-09-10,0.0044775186821684309,0.0064306275664543821,0.0061662281168746655,0.0063617561660011049,0.0065338541985410295,0.0056923856904302142
2025-09-11,0.003270405305178701,0.0069509252227135014,0.0066290120455184762,0.006899171047430039,0.0071242921305591945,0.0067768173106068624
2025-09-12,0.0039440019984919496,0.0068301558368464507,0.0065243244705238124,0.0066264156351300233,0.0067655597922939223,0.005863027119352042
2025-09-15,0.0037910613538643476,0.0057497770700243329,0.0056044486719159254,0.0059826791618128239,0.0062144797166892168,0.0052091804869456772
2025-09-16,0.0044666944651774567,0.0075366335206965025,0.0071310371264699645,0.0071180402547132531,0.007227563134561076,0.0065396510673296094
2025-09-17,0.0046554557408065569,0.0068588515471626511,0.0065382181781255795,0.0065977127680068061,0.0067189755276716705,0.0057930830313624648
2025-09-18,0.0046479937863140586,0.0069826799956913231,0.0066417353521177136,0.0068047137748253866,0.0069813103464247198,0.0064583090392179542
2025-09-19,0.00482167996878513,0.0064760990846589542,0.0061985147378989403,0.0064191896058272378,0.0066062914471675784,0.0059162300384649549
2025-09-22,0.0045131494347087466,0.0057271497376009967,0.005491601902805867,0.0056900411112625424,0.005848809205595479,0.0049663828609996371
2025-09-23,0.0041517028459723783,0.0080740379927427761,0.0075002742153048967,0.007161961675387748,0.0071484131060525645,0.0065938396732481315
2025-09-24,0.0041857040314918006,0.0076869536787229657,0.0071767463051399319,0.0069536803561801395,0.0069802709971633816,0.0063928523041928663
2025-09-25,0.0036754066887487689,0.0073861809243490374,0.0069331234033637697,0.0067459946158662503,0.0067764725256712812,0.0059601541406867631
2025-09-26,0.0026423313199021542,0.0053395261186354485,0.0051933767282020121,0.005527039070931313,0.005731452704793063,0.0046943188526555688
2025-09-29,0.0028230231171830723,0.0076949132058534092,0.0071833650744778741,0.0070856689007185968,0.0071734910173497516,0.0069442339097430077
2025-09-30,0.0028109900045957129,0.0057092721596530161,0.0054501567776342732,0.0055830670463793176,0.0057135687663291343,0.0048138665242700744
2025-10-01,0.0035575910450086688,0.0052217284050946593,0.0051078642816119128,0.0051819931384727274,0.0054737847659991701,0.0045151439315679071
2025-10-02,0.0037516379466373735,0.0064344259049705227,0.006105205891966007,0.005965925237346105,0.0061365788166181873,0.0055510818265230169
2025-10-03,0.012815026672525895,0.0056012091140970957,0.0053994113361120737,0.0053341370698479079,0.005508403262559052,0.0045550775855418141
2025-10-06,0.014423517286666555,0.0060914224565233391,0.0058056742991630626,0.0057247475039049686,0.0059563595156581373,0.0053943154383265619
2025-10-07,0.014337973270255417,0.006769798365838707,0.0064006398393938171,0.0061721558735723745,0.0062279923412904854,0.0054789519464272449
2025-10-08,0.014227885398573815,0.0051389121092397646,0.0050289219489202041,0.0051349744225148266,0.0054810185389976502,0.00464674023975571
2025-10-09,0.01449443896345416,0.0066031162865543393,0.0062540210750217096,0.0060468360307245738,0.0061229560804373631,0.0053671629473052065
2025-10-10,0.008145322634117937,0.015656119688690101,0.014151219917059019,0.012967125220038969,0.012339187907084858,0.013142084140332681
2025-10-13,0.0064328529004210261,0.0058150850730423103,0.0058983673593128953,0.0065440040753593793,0.0073269359480454101,0.0067168729516258107
2025-10-14,0.0064095859551179584,0.0088940773984958633,0.0085016813482573905,0.0085637038444052252,0.0088512573612379332,0.0084753876904184594
2025-10-15,0.0065262939346539617,0.0071884710146208185,0.0070681392633466606,0.0074168504650216679,0.0079062892626949738,0.0071964296141059101
2025-10-16,0.0063438739541010133,0.010634514183576818,0.0099786304899883837,0.0097731678527796448,0.009870121584651996,0.0098183780705571842
2025-10-17,0.0068619839681981765,0.0072748849990554726,0.0071482761098216607,0.007516658860047468,0.0080370711297422393,0.0074135745303633106
2025-10-20,0.0072929900002562231,0.0070429916482273218,0.0069666523070038792,0.0074524920104356834,0.0081016700071936086,0.0076230336146189716
2025-10-21,0.007388829709396574,0.011349987364839543,0.010580354050759353,0.01038909849255106,0.010613289962999303,0.011202831692199686
2025-10-22,0.007014751593890446,0.010514239095637021,0.0098933851257414045,0.0097514844721234249,0.009904059998165753,0.0098672398665793325
2025-10-23,0.0081654831614249267,0.0081558221473267429,0.0079009146416412872,0.0081871225387409666,0.0086865050756439258,0.0083869034259522763
2025-10-24,0.0074545473815129859,0.0063555474255245319,0.0063969516905590185,0.0069460393198053326,0.0075800547884049118,0.0067074061684045099
2025-10-27,0.0053629506469186844,0.0074426360749194551,0.0073257846647652655,0.0078213233811307379,0.0085049257171419274,0.008210862433728967
2025-10-28,0.0074694447232627791,0.0085554940748165664,0.0082708283117416889,0.008516456330675666,0.0089523600473813223,0.0085646399384593473
2025-10-29,0.0076249656354850119,0.0088781954109325711,0.0085437619675784084,0.0087218335425195501,0.0090955685959262962,0.0087077589526725983
2025-10-30,0.0075467233877078025,0.011190758873956611,0.010530706482421878,0.010333346729379017,0.010380251100895913,0.0101564120226658
2025-10-31,0.0074163163028253629,0.0074945757721770296,0.0074149499561858637,0.0078544803770908833,0.0083792525532728895,0.007561855781002675
2025-11-03,0.010111786006283149,0.0076399506780602732,0.0073901937136409352,0.0076260789834610952,0.0082654153886273247,0.0072615523355663387
2025-11-04,0.0086519097625935588,0.011299662049827054,0.010482413020863375,0.01018585463257604,0.010381588748312956,0.0099997377994844958
2025-11-05,0.0085160902889529402,0.0087069244251000745,0.0082494755143926873,0.0084433452216125335,0.0091141393263220495,0.0086217497552654385
2025-11-06,0.01025916013528758,0.011218082826776445,0.010430208960468222,0.010177240705711065,0.010428869405635461,0.010050547736692842
2025-11-07,0.01024997992260613,0.0076948030724816024,0.0072571929579836377,0.0073510486786344956,0.007785684513166035,0.0070033919133501137
2025-11-10,0.0086391294080960298,0.0058290704852047397,0.0056176260936853933,0.0061291284564146727,0.0069972651535500623,0.0063467862244610141
2025-11-11,0.0093707980557029419,0.0073417762861318408,0.0069634782211887986,0.0071109612107662264,0.0075917878766875498,0.0067418614027818097
2025-11-12,0.0095248796928293928,0.0096598573872310276,0.0088113364708701739,0.0087253174411254502,0.0090700974509238252,0.0091061710203202903
2025-11-13,0.009050258926121376,0.011652720889004523,0.010676817020546587,0.010173898682412315,0.010101303591259027,0.0097528093032993174
2025-11-14,0.010077240904735206,0.0090618589880438992,0.0084297922914080541,0.0084367436488443272,0.0088667010913924676,0.0084873413053496733
2025-11-17,0.011257311048405345,0.0099072660055064075,0.0091988270270199173,0.0089676399467791285,0.0091319941440476116,0.0085296539828182173
2025-11-18,0.011403210238389725,0.010262440535294603,0.0094889667808359564,0.0092564940728815746,0.0094496529299804028,0.0090313592654331729
2025-11-19,0.011684439053712513,0.0080158498384615209,0.0075712909448782577,0.0077488119478533561,0.0083327497473227805,0.007744634268930576
2025-11-20,0.0097605987376197714,0.011731105034820687,0.010781605348454721,0.010334303371963038,0.010349516045689513,0.010042621997849534
2025-11-21,0.0089335400272914679,0.007754204753615844,0.0073582867114564696,0.0077063700959577302,0.0085121165484938286,0.0081146668926963365
2025-11-24,0.0061477426369939562,0.0060615065707782731,0.0059924167292057483,0.0065864630980675418,0.0075991037002412654,0.0067441575592789736
2025-11-25,0.0047597714963141767,0.0077872831886073154,0.0074448335474596216,0.0078156214867351609,0.0086587427363458425,0.0081660687101718331
2025-11-26,0.0036463695460925111,0.0066866415275363498,0.0066209813957306502,0.0070545968913206004,0.0078952785968109881,0.0067482303549978792
2025-11-28,0.0028442303567309795,0.0075685566800597018,0.0073084050871027786,0.0076235006041948565,0.0083693737755510499,0.0075429800225780431
2025-12-01,0.0023900465766904275,0.0094089083946622288,0.0089111915001268971,0.0088523527157778614,0.0093876422056355744,0.0086555598376841635
2025-12-02,0.002275206487550602,0.0081746237498159634,0.0078530936497378852,0.0079951331544484087,0.008756373858390263,0.0078917558200560078
2025-12-03,0.0033949126744784977,0.007739155548441813,0.0074462719296340841,0.0076305724984503586,0.0084067970175238822,0.0075083619421581239
2025-12-04,0.0035354068107145971,0.0080991789663503594,0.0077690616147843916,0.0078908287387297431,0.0085687810461593968,0.0076631083585290086
2025-12-05,0.0059288314705146913,0.0076408171311906411,0.0073531999939585087,0.0075191110018149997,0.0081961473873851248,0.007222664237868829
2025-12-08,0.0058135831864601474,0.0088419103038030467,0.0083617431307287937,0.0083391577947682753,0.0088486849532317755,0.0080753740756283506
2025-12-09,0.0059283996517258634,0.0077612404209353994,0.0074216988045044526,0.0075178198817369094,0.0080291972964044063,0.0070302484851561776
2025-12-10,0.0071338680694256864,0.0064270121882529559,0.0062816276002826913,0.0066044861608271881,0.0073912276901308147,0.0062638055004008014
2025-12-11,0.0078185905501268506,0.0083505055555843314,0.0078172035821289215,0.0078431346997249272,0.0084794079548037027,0.0078870745124110658
2025-12-12,0.0073511898871122059,0.01006323518004669,0.009301925872410537,0.0089987992384903265,0.0091134974885382428,0.0085363094556450154
2025-12-15,0.0078292274956606473,0.0079435497348461746,0.0075213829132140825,0.0075595952888616105,0.0080030942112990326,0.0070962422958138517
2025-12-16,0.0079973997537743265,0.0088640045476267963,0.008200472791465574,0.0080763126015027768,0.0084418580935651868,0.0078814481201811681
2025-12-17,0.006476074420573393,0.011381043316252525,0.010286423674507415,0.0097790992892104571,0.0098722183857529958,0.0098312314272940658
2025-12-18,0.0055337878639420491,0.0070670054270231394,0.0066804336036751805,0.006873270369380121,0.0076336574244448563,0.0068902523141549177
2025-12-19,0.0041097526242824959,0.0061052899856472737,0.0058232506223464195,0.0061040884017334249,0.0068261531216204339,0.0058898048782561937
2025-12-22,0.0030780991447751319,0.0070332451117294196,0.0065576008661648397,0.0066809278707189879,0.0072853297358272985,0.0065875534317090907
2025-12-23,0.0040467199315260115,0.006334238517626262,0.005985487809009855,0.0061631682817928574,0.0066403127411015419,0.0056487444686462492
2025-12-24,0.0038184494551804309,0.0059760859319458737,0.0057047920401882054,0.0059145878724376211,0.0063268839075619147,0.0051639515417869842
2025-12-26,0.0048364700340511038,0.0080122792826206636,0.0072921842037676028,0.0071788442443766762,0.0074466905833102184,0.0069248773838891057
2025-12-29,0.0052796149367629261,0.0099802613597102692,0.0088409629931389174,0.0084240040866037577,0.0085664323204850349,0.0086492004129363042
2025-12-30,0.0054461447261082395,0.0066898882111066493,0.0063029766155102704,0.0063743056101293848,0.006590005628148498,0.0054823368155574887
2025-12-31,0.0043130547790212722,0.0075045279320974049,0.0070749002821140095,0.0070279245367694289,0.0070557865035949831,0.0058847590407074025
2026-01-02,0.0051596089279271106,0.0074023262491890989,0.006929406197650821,0.0068421363630435314,0.0070839293763708504,0.0066536518952614067
2026-01-05,0.0042779784483178412,0.0060705273888981125,0.0058974341657567243,0.0059942754645659086,0.0064711224682935222,0.0058016401453132626
2026-01-06,0.0034742494132191282,0.0072598708741448623,0.0067468816206418441,0.0067090707055035585,0.0071353440484402553,0.006818880444436631
2026-01-07,0.0038524554788185012,0.0073984239113335411,0.0071311329854726576,0.0070406340037658527,0.0071588845608592305,0.0064426685897010262
2026-01-08,0.0040396277037575996,0.0089258451418016589,0.0080713088096735081,0.007815432966809626,0.007979601481817488,0.0079332705692321225
2026-01-09,0.0027873393950695489,0.0048370498799374124,0.0050764120535217727,0.0053229465831702398,0.0058611746540620383,0.0047573122737187704
2026-01-12,0.0095851911545339202,0.0069535637330246612,0.0066744834663490281,0.0066541632526411817,0.0069457501389524126,0.0063146323439946077
2026-01-13,0.010835584575231703,0.0079070460985099216,0.0073526817074036485,0.0071758330102166422,0.0072309410905717474,0.006820199997036632
2026-01-14,0.010861961724030061,0.0082351739993257005,0.0076878476943736326,0.0074683198145466994,0.0074333755419150674,0.0069745612453362823
2026-01-15,0.010794872754150586,0.0070195224294888024,0.0066116190743838012,0.0065615453534083271,0.0068182598932403794,0.0063266674595449622
2026-01-16,0.011023627352533524,0.0065561931494184707,0.0062977392749072204,0.0062457976654591175,0.0062923855591461584,0.0055656492436924904
2026-01-20,0.0063311424859537405,0.013983935876990237,0.012253249596775938,0.011361333552984902,0.010749953869074749,0.011339388103390123
2026-01-21,0.0037081236793985537,0.0050464232007156433,0.0051848610859868234,0.0054716118142238979,0.0062825585051103031,0.0053844896236577532
2026-01-22,0.0030184728041318179,0.0077017885050659962,0.0071843696415426206,0.0071348643205065097,0.007633320460836277,0.0073337713461746785
2026-01-23,0.0032968522938027385,0.0088379384478874841,0.0081002756578360813,0.007895178482038339,0.0081801911084978841,0.0080381091236003434
2026-01-26,0.0032643176613380278,0.0063362240326502069,0.006255914598868326,0.0063633671400960276,0.0069045366495304097,0.0061387944347592411
2026-01-27,0.0046812619236562677,0.0080526988034102069,0.0074662770540442807,0.0073725233169890571,0.0078210494011547848,0.0075766826481970502
2026-01-28,0.0051601939564787334,0.0093173213128993591,0.0084470958472804766,0.0081865705944489716,0.008444146600717118,0.0084367046439206214
2026-01-29,0.007578196474527758,0.0091308109539700016,0.0083814029242357882,0.0081356269904954131,0.0083393463700779952,0.0081754795137794472
2026-01-30,0.011307877774779006,0.014967491794811933,0.012357532682508374,0.01141817900371828,0.011342926401240209,0.013130006070943973
2026-02-02,0.0112950182063636,0.010155946461149588,0.0090334647208014322,0.0084847634827061938,0.0089169174782501963,0.0096815965450098643
2026-02-03,0.010702867464826538,0.012857643031109804,0.011240261670947698,0.010405930823641139,0.010283804541525233,0.011270863453161568
2026-02-04,0.010480774903709652,0.0088389470309540082,0.0083722675562672069,0.0080833399019198272,0.0082073432480295385,0.0078998305331999825
2026-02-05,0.011257776809190229,0.010778718032288338,0.0099602547119727221,0.0094788329550142304,0.0093332902485040829,0.0092393030439896027
2026-02-06,0.0073900833442446922,0.0055904894168230645,0.0057891305735768683,0.0059220363296999239,0.0072836872366327018,0.0068570681409932527
2026-02-09,0.0071067341461788901,0.0071524108919685907,0.00719681472691059,0.0071962361792472602,0.0079761167751962458,0.0073354456707560769
2026-02-10,0.0073594446845964903,0.0085859757382014817,0.0083650283935862452,0.008209750428886194,0.0086723392381954211,0.0081434772745739969
2026-02-11,0.007452887686570534,0.0082653424389067306,0.0080850663343376029,0.0079589876044039443,0.00851894274012421,0.0080086564291506502
2026-02-12,0.0041771814457299506,0.013037126021012251,0.011824563476673064,0.011160034897301453,0.011100567882858665,0.011415485017046926
2026-02-13,0.0061983073574007506,0.0084189890088848772,0.0082459148068632047,0.0081310267496925558,0.0088082154379564258,0.0083206326192541528
2026-02-17,0.0069562232976368345,0.0090291304684675926,0.0086475192911705193,0.0084406748093202224,0.0091356191128132459,0.0089269296011490681
2026-02-18,0.0075802737810992168,0.0092766525678330703,0.008578449497386743,0.008232948596682832,0.0088674330586668362,0.0091290165334262114
2026-02-19,0.0078911708487483367,0.0083075842201987288,0.0080400600720525288,0.0078568102155073816,0.0081774611664588662,0.007696448351582578
2026-02-20,0.0075179628441621876,0.006745957250114662,0.0067391346730930205,0.0067195433462188432,0.0074644523188287966,0.0069457531949040944
2026-02-23,0.005959447045965763,0.011064280727064998,0.010179685061621892,0.0096816741721283735,0.0097002489726432939,0.0097566290727379018
2026-02-24,0.0063797673119096532,0.0068770241329593335,0.0068850941071109291,0.0068752872845878532,0.0076813793444053639,0.007149312430785996
2026-02-25,0.0060386667691405193,0.0066419747063579922,0.0067192591502149924,0.0067475797524877883,0.0076308784927432184,0.0070491409583817635
2026-02-26,0.0060426104124754959,0.009014322584915864,0.0087006197049179865,0.0084883578102683786,0.0087959238362740038,0.0082949929624131363
2026-02-27,0.0081666621131730663,0.010130825235201679,0.0094600762620762335,0.0090870419936125262,0.009396983453776141,0.0093512385509129103
2026-03-02,0.0090467550445617068,0.011188897728974512,0.010236760012079481,0.0096728826768322437,0.010112721044607425,0.01099637327629251
2026-03-03,0.0081660780623335431,0.013482739545715352,0.012104148737779184,0.011287320687856605,0.011320654575085997,0.012523736579637361
2026-03-04,0.0075574121782756871,0.0064489081469108357,0.0065503765469260801,0.0066444639879709609,0.0074916126562886015,0.006793256802622041
2026-03-05,0.0098837653170250461,0.012174631904521739,0.011069941014321006,0.010421050569158022,0.010620235311103524,0.011486762894983479
2026-03-06,0.0083257132077666895,0.018493116609342782,0.015990794071277539,0.014467171619113438,0.014188613851269715,0.017200299730785948
2026-03-09,0.0086376125631562918,0.0083444308201014884,0.0078935570911065813,0.0076328249538084193,0.0083435004566521954,0.0087107820797536623
2026-03-10,0.0086874243206411985,0.0079458110518197452,0.0076894248724625842,0.0075728178788405159,0.0078964578024310859,0.0074267826644120868
2026-03-11,0.010707339443581581,0.0083089684861097479,0.0079626524632027216,0.0077881080112160413,0.0081118898631653419,0.0078199533333835093
2026-03-12,0.008308907813791868,0.017068486441752306,0.014878656429680448,0.013558149883651439,0.013177155619073719,0.015527412188232394
2026-03-13,0.010212422856101808,0.00858505285593111,0.0082256706432945505,0.0080514947909190553,0.0082087783782063099,0.0077316020098960377
2026-03-16,0.010276641600595313,0.0084185994413415888,0.0079678196232652754,0.0077043495470856703,0.008515611169955889,0.0089504661603407708
2026-03-17,0.010319412293396901,0.0079100044110995242,0.00766246807727457,0.0075431135109834662,0.0080969387445183911,0.0078135223346172157
2026-03-18,0.0085542714448353565,0.01222807269450573,0.01118528862267365,0.010592459600100572,0.010449779425521444,0.010804942723850105
2026-03-19,0.011700550446365402,0.010675397149997318,0.0098712868904524635,0.0094076125702982454,0.009742950892598053,0.010217728290202817
2026-03-20,0.012424337194295271,0.013561159938329102,0.01222558561163261,0.011447121602358576,0.011272480539229022,0.012134633932083099
2026-03-23,0.011609765653678928,0.012687399938889241,0.011316732408396825,0.010466970773160418,0.011287586468875548,0.013389486790853772
2026-03-24,0.017225823213741491,0.010152226036169058,0.0095022231412907453,0.00913838176100314,0.0094908824312855498,0.0096482059316337389
2026-03-25,0.017373002185725142,0.0077685216167588077,0.0075652684479134494,0.0074682920345312343,0.0082018494940750523,0.0079793885608662046
2026-03-26,0.015396047182127072,0.014584328008925514,0.01310139539908917,0.012236105893129866,0.011980448429329032,0.0129398392104653
2026-03-27,0.013502779769779052,0.015776613028029018,0.014055713566157105,0.013037270380691281,0.01285322195304356,0.014280002728274076
2026-03-30,0.013420902156183164,0.011255362672989379,0.010441042676927711,0.0099724667286152768,0.010438008858835151,0.010894532433176944
2026-03-31,0.011934341054795758,0.0068783863670878048,0.0069755790791497293,0.0070240475282578952,0.0091737301740190368,0.0095190169785740221
2026-04-01,0.011737881263669637,0.0086896901660961576,0.0089030755202655978,0.0087063302857348056,0.010022788117620795,0.0099558292821737664
2026-04-02,0.011734712792915008,0.013691272220938109,0.013155186438517685,0.012422801652255946,0.013236405672771102,0.015746573628000186
2026-04-06,0.012335763048078678,0.0078861553769717912,0.0081658349593224117,0.0080814225171345153,0.0092949357513701907,0.0084627927904152144
2026-04-07,0.013471034472427071,0.0085597629523943199,0.0086911910797953223,0.0085579928262256855,0.0095430850006516833,0.0087479307991992755
2026-04-08,0.0082044650583726151,0.010907621345272147,0.011061226134916726,0.010470365231110567,0.012492661896760234,0.015534510622717381
2026-04-09,0.0078676478455674444,0.0085566952606976367,0.0088187412735102229,0.0087044311487242919,0.01012040300956508,0.0095024736635425273
2026-04-10,0.0095223846575125254,0.0094739160579207227,0.0095160069441938416,0.0093296822562198983,0.010375205360650954,0.0098072704187878359
2026-04-13,0.0085183362664313471,0.0080517424218029127,0.0084015222490062651,0.0082848649194987734,0.0097996038577875116,0.009411536460035199
2026-04-14,0.0072010035584296186,0.0089741710414462349,0.0092289996715766535,0.0089817031572014278,0.010552129691295164,0.011008411707165124
2026-04-15,0.0077332275273919327,0.0082658585709872081,0.0085732558672473903,0.0084562190409103854,0.0099120282370665676,0.0094245545709741602
2026-04-16,0.0078499565711879389,0.0091737831102363474,0.0092702597438880149,0.0090691398659047406,0.010182679454217981,0.0098661580502641399
2026-04-17,0.006684024771433106,0.011040095596089445,0.010992803151500296,0.01047723194296909,0.011871281605673785,0.01379387125720692
2026-04-20,0.0066683862583511808,0.01081967432178412,0.010615478376130576,0.010232001374844564,0.011001069600097193,0.011445233613295729
2026-04-21,0.0063715991405952337,0.012937076203061412,0.012404279046845266,0.011819470151630325,0.01233446877905631,0.013633903030636083
2026-04-22,0.0045053058075787931,0.0074268513362815668,0.0078199777139313243,0.0077304886983391987,0.0091462127086409314,0.0086323876851812104
2026-04-23,0.0060727134525587366,0.011339901684596473,0.011057437970862985,0.010642727754599939,0.011355049462849249,0.01186713705127268
